number,value,datetime_start,datetime_complete,duration,params_adam_beta1,params_adam_beta2,params_hidden,params_lambda_ic,params_lambda_phys,params_lr,params_n_layers,params_scheduler_gamma,params_scheduler_step,state
0,,2026-05-17 18:50:27.927014,2026-05-17 18:50:33.673671,0 days 00:00:05.746657,0.9712646604084909,0.9959510386162578,48,15.75132049977973,0.8471801418819978,0.0002051338263087451,6,0.3935967122017216,1000,FAIL
1,0.007937130518257618,2026-05-17 19:05:30.073045,2026-05-17 19:05:46.648921,0 days 00:00:16.575876,0.9712646604084909,0.9959510386162578,48,15.75132049977973,0.8471801418819978,0.0002051338263087451,6,0.3935967122017216,1000,COMPLETE
2,0.007180074695497751,2026-05-17 19:05:46.661212,2026-05-17 19:05:53.540446,0 days 00:00:06.879234,0.8925939140143353,0.9951950886731592,96,46.22589001020831,7.579479953348009,0.00026587543983272726,2,0.4090949803242604,1000,COMPLETE
3,0.004706687293946743,2026-05-17 19:05:53.551429,2026-05-17 19:06:02.007827,0 days 00:00:08.456398,0.9599246345950219,0.9919767704433677,64,1.9010245319870354,0.2801635158716261,0.0003839629299804173,3,0.5198171059762151,3000,COMPLETE
4,0.012567965313792229,2026-05-17 19:06:02.017879,2026-05-17 19:06:11.648796,0 days 00:00:09.630917,0.9851884846304383,0.998003133746353,80,16.40928673064792,0.0015339162591163618,0.00021930485556643703,4,0.3390309557911677,5000,COMPLETE
5,0.009326125495135784,2026-05-17 19:06:11.656182,2026-05-17 19:06:18.491223,0 days 00:00:06.835041,0.9773048562910295,0.9925619218178402,48,7.591104805282694,0.5456725485601477,0.00017541893487450815,2,0.5971061460667622,1000,COMPLETE
6,0.23198530077934265,2026-05-17 19:06:18.500829,2026-05-17 19:06:18.658012,0 days 00:00:00.157183,0.9815298518189864,0.9988587907692338,96,12.399967836846093,0.12030178871154672,0.00023426581058204064,3,0.8817507766587351,4000,PRUNED
7,0.20089827477931976,2026-05-17 19:06:18.665470,2026-05-17 19:06:18.897355,0 days 00:00:00.231885,0.8879888644483455,0.9982045013406041,80,2.4658447214487373,0.002259279742015696,0.00012315571723666037,6,0.49519819845795865,2000,PRUNED
8,0.0024471068754792213,2026-05-17 19:06:18.903343,2026-05-17 19:06:28.703772,0 days 00:00:09.800429,0.9581142677015321,0.9919672852471884,48,1.9135880487692298,0.14817820606039092,0.0040215545266902904,3,0.3447303862078625,5000,COMPLETE
9,0.006213727407157421,2026-05-17 19:06:28.715009,2026-05-17 19:06:43.082705,0 days 00:00:14.367696,0.8662216683335181,0.9985447239161683,16,28.70875348195468,0.6720930050156113,0.0034877126245459306,6,0.3444267910404542,2000,COMPLETE
10,0.1306813657283783,2026-05-17 19:06:43.092915,2026-05-17 19:06:43.250050,0 days 00:00:00.157135,0.9742097839606857,0.9946749277591033,80,4.187594718900626,0.0017956984225677636,0.0004470608546778491,3,0.7377637070028384,4000,PRUNED
11,0.0027706818655133247,2026-05-17 19:06:43.257588,2026-05-17 19:06:54.135769,0 days 00:00:10.878181,0.9373716938041312,0.9903940161001624,128,1.0862348973937128,0.0184157984854315,0.009165193790139851,4,0.7141482441414871,5000,COMPLETE
12,0.00256489310413599,2026-05-17 19:06:54.143814,2026-05-17 19:07:05.700172,0 days 00:00:11.556358,0.9362696435248066,0.9900462683499575,128,1.1184835394742487,0.014394919736313376,0.009582173571380463,4,0.7216195396547992,5000,COMPLETE
13,0.0024474128149449825,2026-05-17 19:07:05.708019,2026-05-17 19:07:18.025904,0 days 00:00:12.317885,0.9317064872172732,0.9900307612751963,128,1.0337366575206814,0.019982138990310136,0.00334413449395608,5,0.7306475890619939,5000,COMPLETE
14,0.34061819314956665,2026-05-17 19:07:18.036644,2026-05-17 19:07:18.255864,0 days 00:00:00.219220,0.9195919551055193,0.9922173398864563,32,99.7068227503645,0.02468559550742139,0.0024501223002972596,5,0.8324793616026946,4000,PRUNED
15,0.002683735452592373,2026-05-17 19:07:18.265047,2026-05-17 19:07:31.465149,0 days 00:00:13.200102,0.9464818152178807,0.9933813975398283,112,4.227026201782585,0.05784119651345543,0.0018288104180760958,5,0.6186744182108763,5000,COMPLETE
16,0.002608030568808317,2026-05-17 19:07:31.472905,2026-05-17 19:07:44.963018,0 days 00:00:13.490113,0.9180128159920778,0.9910338884239599,48,2.035093334318354,0.0070558521234916315,0.0045277804208573805,5,0.6310065091923333,4000,COMPLETE
17,0.07707998156547546,2026-05-17 19:07:44.970920,2026-05-17 19:07:45.157775,0 days 00:00:00.186855,0.904427687270094,0.9936646461354355,16,4.316235758734449,3.711944089797267,0.000918994136244505,3,0.8007185498039272,3000,PRUNED
18,0.07562709599733353,2026-05-17 19:07:45.163896,2026-05-17 19:07:45.348247,0 days 00:00:00.184351,0.9543189648244508,0.9913012946828583,64,1.6393776312058987,0.09242990604441949,0.0011320323616578018,4,0.5051832185612111,3000,PRUNED
19,0.0026643723249435425,2026-05-17 19:07:45.354602,2026-05-17 19:07:56.224007,0 days 00:00:10.869405,0.9281558571452262,0.991354798673234,112,7.336538861985153,0.0054103009460875606,0.005533207515192675,5,0.662822044362527,5000,COMPLETE
20,0.24031254649162292,2026-05-17 19:07:56.231881,2026-05-17 19:07:56.403054,0 days 00:00:00.171173,0.9608894452325206,0.9934024667729898,32,3.1459053272411084,0.04016658883118531,0.0015632368259953138,2,0.5677932050700218,4000,PRUNED
21,0.0024621596094220877,2026-05-17 19:07:56.409309,2026-05-17 19:08:07.523831,0 days 00:00:11.114522,0.8516269346278574,0.997095518856369,96,1.0095900396178161,0.21623732578902424,0.0026663923121311556,4,0.4440470957242424,5000,COMPLETE
22,0.007309111766517162,2026-05-17 19:08:07.531868,2026-05-17 19:08:09.843243,0 days 00:00:02.311375,0.8524301764908077,0.9968219339242721,112,1.1512761962017253,0.2444436163607056,0.0029943593374049202,4,0.4394562791344005,5000,PRUNED
23,0.03733452782034874,2026-05-17 19:08:09.850401,2026-05-17 19:08:10.285978,0 days 00:00:00.435577,0.8723556649154659,0.9996067600685279,96,1.527133816290098,1.8391128854697163,0.006447466959547119,5,0.31388520577421875,5000,PRUNED
24,0.031563349068164825,2026-05-17 19:08:10.293614,2026-05-17 19:08:10.609268,0 days 00:00:00.315654,0.9024808796250131,0.9969947563618237,128,1.0879887286531924,0.1566696189834112,0.002276886474326648,3,0.4291634903720915,4000,PRUNED
25,0.0027210628613829613,2026-05-17 19:08:10.617290,2026-05-17 19:08:18.303190,0 days 00:00:07.685900,0.9470759669478774,0.9969976459942287,112,2.7133700978020188,0.056254450558678164,0.0036729625786975717,3,0.35489751976862444,5000,COMPLETE
26,0.14156989753246307,2026-05-17 19:08:18.311031,2026-05-17 19:08:18.504208,0 days 00:00:00.193177,0.9087383139081008,0.99455140187396,64,1.5447902190799716,0.009546009015022533,0.0007594303691532663,4,0.47261119341927127,4000,PRUNED
27,0.016788754612207413,2026-05-17 19:08:18.511316,2026-05-17 19:08:19.632002,0 days 00:00:01.120686,0.9306163476673058,0.9906863434746749,96,6.611289862622812,0.3166051826059705,0.0013404818559542655,5,0.5499758464166415,5000,PRUNED
28,0.032994385808706284,2026-05-17 19:08:19.640717,2026-05-17 19:08:19.998176,0 days 00:00:00.357459,0.8525976485790959,0.9959316284015571,32,3.420053611497116,1.5153482527769302,0.006320589599641906,4,0.3785563825438046,4000,PRUNED
29,0.02018721029162407,2026-05-17 19:08:20.006105,2026-05-17 19:08:20.591772,0 days 00:00:00.585667,0.8822704571469893,0.9929292173538139,128,2.1963089460524814,0.027021296555458343,0.0022987191393587523,3,0.45883031988280754,5000,PRUNED
30,0.041947994381189346,2026-05-17 19:08:20.598711,2026-05-17 19:08:21.104559,0 days 00:00:00.505848,0.9675773838654259,0.9959423875310387,48,1.5002702060545536,0.0917179151194327,0.004384343553208293,6,0.30147782718929517,2000,PRUNED
31,0.047896988689899445,2026-05-17 19:08:21.111351,2026-05-17 19:08:21.546879,0 days 00:00:00.435528,0.9128241528282907,0.9915943364084321,80,1.0482884461566104,1.1480153101089305,0.000576263234644408,5,0.3880836381942947,3000,PRUNED
32,0.002548253396525979,2026-05-17 19:08:21.553076,2026-05-17 19:08:32.902939,0 days 00:00:11.349863,0.9393049410259616,0.9902759791914844,128,1.3531604899125762,0.04213189352257196,0.009436270269413134,4,0.7225514465600401,5000,COMPLETE
33,0.0058758980594575405,2026-05-17 19:08:32.910827,2026-05-17 19:08:43.222554,0 days 00:00:10.311727,0.9460814511521953,0.9900214550219893,112,1.3888717523808647,0.0036050983023255185,0.006959570638054231,4,0.7902076160730599,5000,PRUNED
34,0.03397500142455101,2026-05-17 19:08:43.232639,2026-05-17 19:08:43.486549,0 days 00:00:00.253910,0.9302442655700628,0.9906483263825029,128,2.237091961520714,0.17118690547015772,0.005183717025857651,2,0.6627697972352005,5000,PRUNED
35,0.027236949652433395,2026-05-17 19:08:43.492959,2026-05-17 19:08:43.831130,0 days 00:00:00.338171,0.9546991276727002,0.9919192722643082,112,1.9368951662104432,0.04035213287910049,0.0031729850539798372,4,0.7630045763369131,5000,PRUNED
36,0.029456166550517082,2026-05-17 19:08:43.837119,2026-05-17 19:08:44.135771,0 days 00:00:00.298652,0.8963379779909042,0.9908783715078818,96,21.11649942398558,0.4032506003541718,0.008235764532635095,3,0.6845525887664353,4000,PRUNED
37,0.10462237894535065,2026-05-17 19:08:44.142262,2026-05-17 19:08:44.287722,0 days 00:00:00.145460,0.9660310377990381,0.9940841778114452,128,1.396345294070045,0.011816272615088618,0.0018970538177132774,2,0.8343761757996326,5000,PRUNED
38,0.1218831017613411,2026-05-17 19:08:44.294057,2026-05-17 19:08:44.503787,0 days 00:00:00.209730,0.9874595688404935,0.9952217471913168,48,5.619948169716983,0.07428779131507297,0.00283647491479262,5,0.5516115854268305,1000,PRUNED
39,0.027273906394839287,2026-05-17 19:08:44.510204,2026-05-17 19:08:44.935360,0 days 00:00:00.425156,0.9380025851041544,0.9924937925994163,64,10.461039749314919,0.17892455257672038,0.004330881337373194,6,0.4080911764956916,4000,PRUNED
40,0.0025261526461690664,2026-05-17 19:08:44.942845,2026-05-17 19:08:55.028181,0 days 00:00:10.085336,0.9248280969841748,0.991758634269374,80,2.899701600889031,0.03597352300958015,0.0076276506189229725,4,0.8678615070550012,5000,COMPLETE
41,0.06570078432559967,2026-05-17 19:08:55.036646,2026-05-17 19:08:55.215034,0 days 00:00:00.178388,0.9235289837655288,0.9974205211138835,80,3.3768250091736367,9.767514128387644,0.005570544881982487,3,0.8331691047307166,4000,PRUNED
42,0.002429984975606203,2026-05-17 19:08:55.222689,2026-05-17 19:09:04.762410,0 days 00:00:09.539721,0.9426657498509873,0.9918149210983125,80,2.6874213514798755,0.026323562918538674,0.007318530457119655,4,0.8533762526266918,5000,COMPLETE
43,0.0025031273253262043,2026-05-17 19:09:04.773031,2026-05-17 19:09:15.066274,0 days 00:00:10.293243,0.9535302296674527,0.992804991928435,80,2.706088192530385,0.023282160892472068,0.006804143666898922,4,0.8847997838427841,5000,COMPLETE
44,0.0458378829061985,2026-05-17 19:09:15.075702,2026-05-17 19:09:15.261927,0 days 00:00:00.186225,0.9550252713593043,0.9923697986757858,80,1.8542095985109468,0.0010892628980969177,0.0036953978168906302,4,0.8736180971924865,5000,PRUNED
45,0.11008133739233017,2026-05-17 19:09:15.269208,2026-05-17 19:09:15.434993,0 days 00:00:00.165785,0.9732155205520551,0.9929901653708958,64,5.231265143036174,0.017408191894457015,0.004661181332813091,3,0.7993841796278367,5000,PRUNED
46,0.04515238478779793,2026-05-17 19:09:15.441264,2026-05-17 19:09:15.631915,0 days 00:00:00.190651,0.9448178594608603,0.9928858656490055,96,63.094780072211556,0.4476575906199111,0.007019300239023622,4,0.8556353663573266,5000,PRUNED
47,0.0281047485768795,2026-05-17 19:09:15.638010,2026-05-17 19:09:16.016637,0 days 00:00:00.378627,0.9792545851960774,0.9941965997336517,80,2.343773600009996,0.023989283409172533,0.003731281353297303,5,0.8920055192405815,5000,PRUNED
48,0.09103257209062576,2026-05-17 19:09:16.023432,2026-05-17 19:09:16.213077,0 days 00:00:00.189645,0.9602835982585668,0.9911578183084482,48,1.8738163210264578,0.12582600144071215,0.00016418479631553413,4,0.7673124677092715,4000,PRUNED
49,0.10249891877174377,2026-05-17 19:09:16.219257,2026-05-17 19:09:16.385217,0 days 00:00:00.165960,0.9529178682384645,0.9954252845837203,64,1.2394510606350428,0.0033551293526964,0.002709818303323244,3,0.7635068908528093,5000,PRUNED
50,0.15439094603061676,2026-05-17 19:09:16.391299,2026-05-17 19:09:16.606130,0 days 00:00:00.214831,0.9418162722798554,0.9920883220658203,80,14.746501183981591,0.010683195413989238,0.0018838366897783343,5,0.898539027505666,5000,PRUNED
51,0.17458245158195496,2026-05-17 19:09:16.612305,2026-05-17 19:09:16.805272,0 days 00:00:00.192967,0.9323681804862488,0.9916301086908987,96,2.688746603496746,0.006620732674289612,0.00036537288730985193,4,0.8502386389886599,4000,PRUNED
52,0.04282919690012932,2026-05-17 19:09:16.811341,2026-05-17 19:09:17.006946,0 days 00:00:00.195605,0.924419875086592,0.9916567438197761,80,2.85428841475418,0.024329593739982194,0.008692057719389133,4,0.8698728718983632,5000,PRUNED
53,0.011513059027493,2026-05-17 19:09:17.013204,2026-05-17 19:09:17.992692,0 days 00:00:00.979488,0.9499502157574471,0.9919459524311817,64,3.706908662901345,0.03496469362030748,0.007485400071824664,4,0.799554876432957,5000,PRUNED
54,0.0023634047247469425,2026-05-17 19:09:17.999259,2026-05-17 19:09:27.507413,0 days 00:00:09.508154,0.9149531346847112,0.9937295111519442,80,1.0198382514809425,0.06840117497821188,0.005842254767743386,4,0.8337275835469032,5000,COMPLETE
55,0.043919969350099564,2026-05-17 19:09:27.518942,2026-05-17 19:09:27.756991,0 days 00:00:00.238049,0.8840881680076162,0.9937122691376544,96,1.0438808284083025,0.05375163922542308,0.005821925294835964,6,0.8202659790289573,5000,PRUNED
56,0.06803243607282639,2026-05-17 19:09:27.765480,2026-05-17 19:09:27.919725,0 days 00:00:00.154245,0.8655391801429139,0.9932922463612722,80,1.7196708097999147,0.22585294822479202,0.0048913977210568935,2,0.3538962538281475,1000,PRUNED
57,0.025931626558303833,2026-05-17 19:09:27.927681,2026-05-17 19:09:28.309198,0 days 00:00:00.381517,0.9678254167105756,0.999096221174226,64,1.2648406444099534,0.08535528373382295,0.004030586774427251,5,0.5978814002039059,5000,PRUNED
58,0.071925088763237,2026-05-17 19:09:28.317285,2026-05-17 19:09:28.486002,0 days 00:00:00.168717,0.9613636687558275,0.9938773644354564,16,1.6833764241146645,0.6959598969182603,0.009831755718364893,3,0.3285086975892497,4000,PRUNED
59,0.0155837032943964,2026-05-17 19:09:28.492656,2026-05-17 19:09:29.128009,0 days 00:00:00.635353,0.9136131733084025,0.9946609990431294,96,1.0122913407212801,0.017504887951122376,0.0032961425410680035,4,0.5238530162489916,2000,PRUNED
60,0.03560442849993706,2026-05-17 19:09:29.134413,2026-05-17 19:09:29.521029,0 days 00:00:00.386616,0.8587640191914119,0.9926202703994054,64,1.2093108616871568,0.11446532591830244,0.006021473580516363,5,0.7461208542755511,3000,PRUNED
61,0.13559654355049133,2026-05-17 19:09:29.527019,2026-05-17 19:09:29.716272,0 days 00:00:00.189253,0.9339740295188199,0.9978546642613194,32,4.0541103277381705,0.07377889252855722,0.0015110290353522698,4,0.8128899762371807,5000,PRUNED
62,0.008522918447852135,2026-05-17 19:09:29.722510,2026-05-17 19:09:30.808297,0 days 00:00:01.085787,0.9251217448728841,0.992683621111742,80,2.4622334090588405,0.03153380346755086,0.0076483944724000915,4,0.8627934442441761,5000,PRUNED
63,0.0023262451868504286,2026-05-17 19:09:30.815858,2026-05-17 19:09:42.489912,0 days 00:00:11.674054,0.9418282449304838,0.9931961358163743,80,2.809650838374207,0.05798271088636744,0.004919564495448745,4,0.8831190705656629,5000,COMPLETE
64,0.030434077605605125,2026-05-17 19:09:42.502240,2026-05-17 19:09:42.870058,0 days 00:00:00.367818,0.9424207082105149,0.9932257671025599,80,4.988077786741707,0.0495331125299541,0.002430902796212995,4,0.8438185584987947,5000,PRUNED
65,0.04030584171414375,2026-05-17 19:09:42.878978,2026-05-17 19:09:43.071252,0 days 00:00:00.192274,0.9505698967054745,0.9921871745814483,96,1.9867923557440827,0.1228484934339697,0.004931235354440734,4,0.8869844471225093,5000,PRUNED
66,0.038103137165308,2026-05-17 19:09:43.078634,2026-05-17 19:09:43.265710,0 days 00:00:00.187076,0.9362649793104675,0.9943995804989785,80,1.4457768185155861,0.063065648543326,0.006534119428127927,4,0.779777839479394,5000,PRUNED
67,0.014525224454700947,2026-05-17 19:09:43.272655,2026-05-17 19:09:43.827579,0 days 00:00:00.554924,0.9192795320069727,0.9935550818982387,112,1.2053332816957008,0.01350455160154072,0.0040393433593422035,3,0.37178144471355534,5000,PRUNED
68,0.0290667861700058,2026-05-17 19:09:43.833644,2026-05-17 19:09:44.178061,0 days 00:00:00.344417,0.9575613592096576,0.9931053048291284,96,8.771083356718792,0.2876516066785045,0.005240098123619107,4,0.6999812864542654,5000,PRUNED
69,0.21683195233345032,2026-05-17 19:09:44.184490,2026-05-17 19:09:44.394655,0 days 00:00:00.210165,0.8727953592592896,0.9904969175643766,48,34.15014675963634,0.0087204232940085,0.0027616120095983097,5,0.6216295956736096,4000,PRUNED
70,0.04067988693714142,2026-05-17 19:09:44.400631,2026-05-17 19:09:44.567133,0 days 00:00:00.166502,0.8960610262881429,0.9948626787694317,64,1.6579808047166433,0.019292397938167977,0.003481757647033867,3,0.8244105980495288,5000,PRUNED
71,0.07015545666217804,2026-05-17 19:09:44.573090,2026-05-17 19:09:44.759688,0 days 00:00:00.186598,0.9494865206481541,0.9912537412339237,80,2.166844444370109,0.2108429616481156,0.0009973481472644618,4,0.47238791979317,5000,PRUNED
72,0.014829475432634354,2026-05-17 19:09:44.765465,2026-05-17 19:09:45.403040,0 days 00:00:00.637575,0.9151471012875608,0.9965485833283366,80,3.1870183937848626,0.03286206491463148,0.008369788338992133,4,0.8766764074762394,5000,PRUNED
73,0.0023678906727582216,2026-05-17 19:09:45.409323,2026-05-17 19:09:55.750792,0 days 00:00:10.341469,0.9054797080662623,0.9917704422829193,96,2.8634845309318315,0.06427107767060525,0.006159075382283373,4,0.8503137991773306,5000,COMPLETE
74,0.0023513189516961575,2026-05-17 19:09:55.759000,2026-05-17 19:10:07.523899,0 days 00:00:11.764899,0.9049292335360348,0.9908544057925678,96,4.569862036701732,0.1432120731383236,0.00616139896505596,4,0.8500746452989281,5000,COMPLETE
75,0.036391425877809525,2026-05-17 19:10:07.532193,2026-05-17 19:10:07.765976,0 days 00:00:00.233783,0.9054624177261454,0.9903671718019785,112,4.553692914082914,0.14812484959474398,0.005737736483772567,4,0.8100452719575811,5000,PRUNED
76,0.02296416647732258,2026-05-17 19:10:07.773522,2026-05-17 19:10:08.154941,0 days 00:00:00.381419,0.9020500278674716,0.9907495322183523,96,1.4656125414739185,0.09304157993771994,0.004292997246270293,5,0.8406922373252249,5000,PRUNED
77,0.04198794439435005,2026-05-17 19:10:08.161393,2026-05-17 19:10:08.350779,0 days 00:00:00.189386,0.9086893768241042,0.9909422961813148,96,6.461989102408536,0.35808589657085244,0.0021882052249144503,4,0.4325675985836709,5000,PRUNED
78,0.024095220491290092,2026-05-17 19:10:08.357087,2026-05-17 19:10:08.654077,0 days 00:00:00.296990,0.8907138037983272,0.9901616521529778,112,3.7575712781137214,0.05050787408791294,0.0031950293381795727,3,0.6510131875373232,5000,PRUNED
79,0.022776858881115913,2026-05-17 19:10:08.660082,2026-05-17 19:10:09.002637,0 days 00:00:00.342555,0.8966607186014884,0.9914116719390829,96,2.381724242959972,0.07091549610032036,0.004998049520209809,4,0.7431056718032555,4000,PRUNED
80,0.0395406037569046,2026-05-17 19:10:09.009489,2026-05-17 19:10:09.199202,0 days 00:00:00.189713,0.8775210636021039,0.9922768036916519,112,2.0574355503080946,0.5142629252151244,0.0064358114149489385,4,0.8547812828343195,5000,PRUNED
81,0.0022901897318661213,2026-05-17 19:10:09.206662,2026-05-17 19:10:21.283400,0 days 00:00:12.076738,0.9099229089587317,0.9913649106933661,112,3.10988297335392,0.1909928711400585,0.004054817464259742,5,0.7780290074059925,4000,COMPLETE
82,0.025177469477057457,2026-05-17 19:10:21.294938,2026-05-17 19:10:21.776199,0 days 00:00:00.481261,0.9098262316603807,0.9910538715897128,112,3.4906660043732844,0.18133703423821607,0.004450440746575216,5,0.7881979091592659,4000,PRUNED
83,0.03640799969434738,2026-05-17 19:10:21.785183,2026-05-17 19:10:21.998833,0 days 00:00:00.213650,0.9156941069528238,0.990568041493617,128,3.1108104505232848,0.15249959772995042,0.0036793718639463076,5,0.7754400676550306,5000,PRUNED
84,0.002394323004409671,2026-05-17 19:10:22.006118,2026-05-17 19:10:33.538023,0 days 00:00:11.531905,0.9205064920377316,0.9914699739377281,112,2.5932069887191718,0.10121571091919285,0.005189402402745732,5,0.8268529785003431,5000,COMPLETE
85,0.0025065522640943527,2026-05-17 19:10:33.546129,2026-05-17 19:10:44.904022,0 days 00:00:11.357893,0.9280574994799167,0.9914360626678974,128,2.6473746908317852,0.04324400926127831,0.005540253924297034,5,0.8214275262906391,5000,COMPLETE
86,0.0024771629832684994,2026-05-17 19:10:44.913356,2026-05-17 19:10:56.217065,0 days 00:00:11.303709,0.9212810964012202,0.9918729499930968,112,4.480478865507599,0.10505922581335207,0.007840544771644496,5,0.8451958288572932,3000,COMPLETE
87,0.027363285422325134,2026-05-17 19:10:56.224977,2026-05-17 19:10:56.713674,0 days 00:00:00.488697,0.9042943188681056,0.9909053337587083,112,3.0865300076122892,0.26643686374995673,0.003990063126512199,5,0.899151191796825,5000,PRUNED
88,0.00247528706677258,2026-05-17 19:10:56.720878,2026-05-17 19:11:07.974933,0 days 00:00:11.254055,0.8996844769670104,0.9914683886495861,128,4.055398523171464,0.0807922857003041,0.007160960276869001,5,0.8046461904490746,4000,COMPLETE
89,0.01168765313923359,2026-05-17 19:11:07.983316,2026-05-17 19:11:10.426344,0 days 00:00:02.443028,0.9099798303001294,0.9912096404184666,96,2.4762312384652363,0.06558153195120468,0.008927111859291386,6,0.8582902566981001,5000,PRUNED
90,0.0355754978954792,2026-05-17 19:11:10.434075,2026-05-17 19:11:10.671735,0 days 00:00:00.237660,0.9180385415930484,0.9924971967634685,128,6.0370991251153985,0.12786211603713535,0.006216536472334703,6,0.8281439932113747,5000,PRUNED
91,0.0033777370117604733,2026-05-17 19:11:10.678487,2026-05-17 19:11:16.983127,0 days 00:00:06.304640,0.9282409961311637,0.9920686810266691,112,1.7554502219264274,0.02785780109161824,0.004734600738773761,5,0.8795210796574153,5000,PRUNED
92,0.06808934360742569,2026-05-17 19:11:16.990205,2026-05-17 19:11:17.187992,0 days 00:00:00.197787,0.9417658533929272,0.9916883745361941,96,1.127474501113896,0.23416073660953474,0.002883556357252497,4,0.4028138722590676,5000,PRUNED
93,0.043869007378816605,2026-05-17 19:11:17.194160,2026-05-17 19:11:17.386238,0 days 00:00:00.192078,0.9216292854845421,0.9902066222453213,96,2.1539420953882433,0.18972054136112115,0.005302350343226039,4,0.5804993427524381,5000,PRUNED
94,0.04786307364702225,2026-05-17 19:11:17.392326,2026-05-17 19:11:17.579556,0 days 00:00:00.187230,0.9345493886366971,0.9908171177868242,80,1.3173844747596035,0.10471493645235684,0.003995902631657362,4,0.8373576138389107,5000,PRUNED
95,0.06801944226026535,2026-05-17 19:11:17.585583,2026-05-17 19:11:17.793052,0 days 00:00:00.207469,0.9119643156326085,0.995676627931973,96,2.8751496871823603,0.04496654650567007,0.0007964927325737353,5,0.7277622236013064,5000,PRUNED
96,0.0652346983551979,2026-05-17 19:11:17.798821,2026-05-17 19:11:17.989122,0 days 00:00:00.190301,0.93946598179364,0.9962059909378447,112,4.97226459811007,3.829072224478121,0.0033411846165187224,4,0.868641763664457,5000,PRUNED
97,0.055639542639255524,2026-05-17 19:11:17.995115,2026-05-17 19:11:18.183330,0 days 00:00:00.188215,0.9307527418288711,0.9984471048576201,32,3.629447825907853,0.37313851687919397,0.006086718566859144,4,0.7941748790987674,5000,PRUNED
98,0.06925330311059952,2026-05-17 19:11:18.189455,2026-05-17 19:11:18.331191,0 days 00:00:00.141736,0.9061835113042828,0.9918403376151632,80,1.6034191572820913,0.1466295393094523,0.004516885288941555,2,0.7557676305809862,4000,PRUNED
99,0.03861267864704132,2026-05-17 19:11:18.337627,2026-05-17 19:11:18.527385,0 days 00:00:00.189758,0.9169278769150251,0.9911186183014569,96,1.0241920174817831,0.09126628056252736,0.005632406690259333,4,0.5110269079730512,5000,PRUNED
100,0.14908085763454437,2026-05-17 19:11:18.533407,2026-05-17 19:11:18.740411,0 days 00:00:00.207004,0.9273605230988926,0.9900546175558927,112,2.633628050653149,0.05766108065858668,0.00010976238395314383,5,0.4457105274914363,5000,PRUNED
101,0.043154194951057434,2026-05-17 19:11:18.746502,2026-05-17 19:11:18.938196,0 days 00:00:00.191694,0.888595199808003,0.9904366388044736,80,1.8782290643698232,0.31406708587895243,0.006924042976355447,4,0.809994855246121,3000,PRUNED
102,0.01023805234581232,2026-05-17 19:11:18.945474,2026-05-17 19:11:20.015287,0 days 00:00:01.069813,0.9001148687967305,0.9916351466727003,128,3.834293922628394,0.08137762779186836,0.00702001946988157,5,0.8139400528277306,4000,PRUNED
103,0.03737422823905945,2026-05-17 19:11:20.021642,2026-05-17 19:11:20.242720,0 days 00:00:00.221078,0.8993951399311454,0.9914730219745471,128,4.127649982549782,0.1294208238051281,0.007571794375353998,5,0.8514973805065728,4000,PRUNED
104,0.11625941842794418,2026-05-17 19:11:20.248818,2026-05-17 19:11:26.644036,0 days 00:00:06.395218,0.8945353718149918,0.9923205378487147,128,3.3806576312936985,0.0719622455518118,0.009938791334511168,5,0.8034895974737157,3000,PRUNED
105,0.04577586427330971,2026-05-17 19:11:26.651459,2026-05-17 19:11:26.888487,0 days 00:00:00.237028,0.9444949945176963,0.9914920454518029,128,7.985270202823311,0.02104652726664275,0.005062656294320328,5,0.7759882789754037,5000,PRUNED
106,0.0023706513457000256,2026-05-17 19:11:26.895149,2026-05-17 19:11:36.855250,0 days 00:00:09.960101,0.9075684350684062,0.990682890279938,128,1.1181897450416407,0.03879591898638153,0.008160943061235208,4,0.3284842113419027,2000,COMPLETE
107,0.021594969555735588,2026-05-17 19:11:36.864554,2026-05-17 19:11:37.272909,0 days 00:00:00.408355,0.9636880549758202,0.99061844798038,96,1.4054399095340357,0.014865404624261483,0.008261170466328361,4,0.32923056731985323,2000,PRUNED
108,0.0606834776699543,2026-05-17 19:11:37.281688,2026-05-17 19:11:37.449888,0 days 00:00:00.168200,0.9122768978013998,0.9910094765975422,112,1.1453132901171603,0.02933894552703195,0.002606456561120004,3,0.3036978497554902,2000,PRUNED
109,0.018242713063955307,2026-05-17 19:11:37.457721,2026-05-17 19:11:37.947550,0 days 00:00:00.489829,0.8610307475486614,0.9939465382610244,80,1.2268957405275578,0.03762205490743302,0.0030762266699659777,4,0.4195762303213332,1000,PRUNED
110,0.05330466106534004,2026-05-17 19:11:37.953723,2026-05-17 19:11:38.097599,0 days 00:00:00.143876,0.9078896055284404,0.9974286534300634,64,1.5117374523041067,0.057793614895950564,0.00911975847486018,2,0.3753717042090504,5000,PRUNED
111,0.07561977952718735,2026-05-17 19:11:38.103932,2026-05-17 19:11:38.293400,0 days 00:00:00.189468,0.9838519739397352,0.9927405377162555,96,1.0031547785501196,0.10467300050273928,0.006197099073629483,4,0.31535827909659164,1000,PRUNED
112,0.03836771845817566,2026-05-17 19:11:38.299579,2026-05-17 19:11:38.492471,0 days 00:00:00.192892,0.901961026711907,0.9920532010174129,128,2.388626333001619,0.19901246695724095,0.007057668996716548,4,0.35945709764480804,5000,PRUNED
113,0.03795367106795311,2026-05-17 19:11:38.498671,2026-05-17 19:11:38.711951,0 days 00:00:00.213280,0.8507419713250449,0.9997087349108262,128,3.0982488712693934,0.16009193397223254,0.005339499787217137,5,0.8260479511076664,2000,PRUNED
114,0.0023112029302865267,2026-05-17 19:11:38.718327,2026-05-17 19:11:49.888473,0 days 00:00:11.170146,0.9135015187820634,0.9912277731585598,128,1.140789639223689,0.08333399198653625,0.004282760568613865,4,0.3377590391952373,3000,COMPLETE
115,0.03696379065513611,2026-05-17 19:11:49.896750,2026-05-17 19:11:50.123524,0 days 00:00:00.226774,0.9226674839527065,0.9912726412593389,128,1.1231294634396256,0.047251150960864866,0.003682684912724022,4,0.34088361848770454,3000,PRUNED
116,0.04935799539089203,2026-05-17 19:11:50.131166,2026-05-17 19:11:50.322531,0 days 00:00:00.191365,0.9142750016247948,0.9907576297356485,112,1.3585319840923968,0.2415492747179129,0.0041375287004821295,4,0.36446727132920276,3000,PRUNED
117,0.03745115175843239,2026-05-17 19:11:50.328727,2026-05-17 19:11:50.518912,0 days 00:00:00.190185,0.9196590219455918,0.9903580985677432,128,1.3020185419849102,0.09156237968362567,0.004754658002491608,4,0.38470500095478,5000,PRUNED
118,0.06667652726173401,2026-05-17 19:11:50.525024,2026-05-17 19:11:50.716286,0 days 00:00:00.191262,0.9755663582101823,0.9943800439251043,80,1.1024498518325618,0.12186076820670083,0.0021166475695663252,4,0.32848217509883165,5000,PRUNED
119,0.11833725869655609,2026-05-17 19:11:50.722289,2026-05-17 19:11:50.889336,0 days 00:00:00.167047,0.9477930701579956,0.9917731997547067,112,1.7846509689398322,0.06175038384900376,0.00051412823358048,3,0.3465836614582552,5000,PRUNED
120,0.18082067370414734,2026-05-17 19:11:50.895232,2026-05-17 19:11:51.083158,0 days 00:00:00.187926,0.9119671795868632,0.9935423662112475,128,85.09495302701102,0.0407894702222269,0.004375458845310061,4,0.8865819376070233,2000,PRUNED
121,0.027691494673490524,2026-05-17 19:11:51.089022,2026-05-17 19:11:51.427658,0 days 00:00:00.338636,0.9048629208793015,0.9911817809854653,80,2.072678190998947,0.03294677597523364,0.0035783552543886656,4,0.3169343570725309,5000,PRUNED
122,0.04276784881949425,2026-05-17 19:11:51.434134,2026-05-17 19:11:51.648577,0 days 00:00:00.214443,0.9085187070164412,0.9913654149766468,128,1.0038096011758124,0.07886877061383651,0.0056705007317166874,5,0.8635336727416478,4000,PRUNED
123,0.004859473090618849,2026-05-17 19:11:51.654890,2026-05-17 19:11:56.872822,0 days 00:00:05.217932,0.9002489611542913,0.9910007702534578,128,2.906046461789922,0.053775532576685964,0.006533595263711014,5,0.7858059369975726,4000,PRUNED
124,0.08413087576627731,2026-05-17 19:11:56.881234,2026-05-17 19:11:57.116786,0 days 00:00:00.235552,0.8925940064773156,0.9906255799872,128,2.2458818592697853,0.14377600837079169,0.0002928475382409108,5,0.837304630441065,3000,PRUNED
125,0.03715775907039642,2026-05-17 19:11:57.123154,2026-05-17 19:11:57.314576,0 days 00:00:00.191422,0.9174719015719852,0.9919576445770443,128,1.2322818624623781,0.07050297337098484,0.007738381976028741,4,0.8451829364034777,5000,PRUNED
126,0.022075960412621498,2026-05-17 19:11:57.320559,2026-05-17 19:11:57.678828,0 days 00:00:00.358269,0.914801501751669,0.999218669932663,112,2.5136406077097604,0.025272030901326566,0.004955727694658403,4,0.4920270862854559,5000,PRUNED
127,0.0023612522054463625,2026-05-17 19:11:57.687422,2026-05-17 19:12:10.078950,0 days 00:00:12.391528,0.9254954491547596,0.9922004443771315,96,4.510434316500491,0.08832368072886441,0.008248707255964109,5,0.396873666908819,5000,COMPLETE
128,0.0042516631074249744,2026-05-17 19:12:10.087446,2026-05-17 19:12:12.933332,0 days 00:00:02.845886,0.9252217278344237,0.9924566701880534,96,12.174651150380644,0.11045878875283664,0.008614445082027924,6,0.6993365622797257,5000,PRUNED
129,0.034347012639045715,2026-05-17 19:12:12.940334,2026-05-17 19:12:13.138288,0 days 00:00:00.197954,0.9324135919786088,0.9930848223508711,96,5.538759477614288,0.1761558824126963,0.005902374283547392,4,0.3972399026434302,5000,PRUNED
130,0.18873904645442963,2026-05-17 19:12:13.144729,2026-05-17 19:12:13.361249,0 days 00:00:00.216520,0.9202942255594005,0.9922727716715903,16,4.738426860603795,0.020957737039201795,0.003974714070980299,5,0.4129204011450263,5000,PRUNED
131,0.04234638437628746,2026-05-17 19:12:13.367170,2026-05-17 19:12:13.564444,0 days 00:00:00.197274,0.9391766609546986,0.9916579260640094,96,3.340556782235042,0.0952698475226812,0.008193943267839668,4,0.34873220340398287,5000,PRUNED
132,0.06193559616804123,2026-05-17 19:12:13.570709,2026-05-17 19:12:13.790252,0 days 00:00:00.219543,0.9702395026913256,0.9915153087058879,96,4.402245437554779,0.08709283360620075,0.007264549044238208,5,0.3276178743852888,5000,PRUNED
133,0.03419855982065201,2026-05-17 19:12:13.796201,2026-05-17 19:12:14.014912,0 days 00:00:00.218711,0.9058213538340646,0.9921253388560356,80,2.8064526320677525,0.0637437182091767,0.006586325673133914,5,0.8736108400644237,5000,PRUNED
134,0.05443265661597252,2026-05-17 19:12:14.021140,2026-05-17 19:12:14.232445,0 days 00:00:00.211305,0.9576124340898675,0.9918603954762643,128,3.957402133986293,0.04793131046850871,0.004637236107904968,5,0.8326896992208966,5000,PRUNED
135,0.0024522054009139538,2026-05-17 19:12:14.238816,2026-05-17 19:12:26.774535,0 days 00:00:12.535719,0.9101219256051121,0.9913458679307916,80,3.603390617967802,0.13740112080099684,0.009175816658791825,5,0.3014831576296787,5000,COMPLETE
136,0.0023986988235265017,2026-05-17 19:12:26.781984,2026-05-17 19:12:39.306227,0 days 00:00:12.524243,0.9356828414487789,0.9951006427469915,80,1.5966820976639007,0.13562531432105085,0.009012325409762188,5,0.3002661139726862,5000,COMPLETE
137,0.0034963320940732956,2026-05-17 19:12:39.314693,2026-05-17 19:12:45.474491,0 days 00:00:06.159798,0.9349113582554746,0.9950903888706433,80,3.46818534296461,0.11744781942887506,0.009158591696387858,5,0.30529060791604473,5000,PRUNED
138,0.0045731766149401665,2026-05-17 19:12:45.481544,2026-05-17 19:12:48.142867,0 days 00:00:02.661323,0.9313499364366207,0.9954989698217537,80,1.652019075208561,0.14283582970842595,0.008992022446538827,5,0.33491910863837826,5000,PRUNED
139,0.0023078471422195435,2026-05-17 19:12:48.151166,2026-05-17 19:13:00.137561,0 days 00:00:11.986395,0.9102597403657546,0.990816927747507,80,1.891981670723605,0.19971413653287248,0.007717551853588796,5,0.30595483195799017,5000,COMPLETE
140,0.044484518468379974,2026-05-17 19:13:00.146413,2026-05-17 19:13:00.379464,0 days 00:00:00.233051,0.9281721596422963,0.9947736371007438,64,21.43689021477881,0.036357449965117056,0.006404578414718535,5,0.3179701358407451,5000,PRUNED
141,0.03892403468489647,2026-05-17 19:13:00.387857,2026-05-17 19:13:00.608642,0 days 00:00:00.220785,0.9376148509392146,0.9909046295151885,80,1.964528993566467,0.3068968937943625,0.0075536436910399974,5,0.3574841205073358,5000,PRUNED
142,0.038443006575107574,2026-05-17 19:13:00.616273,2026-05-17 19:13:00.829074,0 days 00:00:00.212801,0.9114758936132522,0.9900049686347103,80,1.4873823558490225,0.19701140159774186,0.009750854565754892,5,0.30287447245273685,5000,PRUNED
143,0.0022847482468932867,2026-05-17 19:13:00.837237,2026-05-17 19:13:12.389576,0 days 00:00:11.552339,0.9082742353942156,0.991267165757883,80,2.9432821412315557,0.25415894045705384,0.005321384965912924,5,0.3197284512009267,5000,COMPLETE
144,0.002366446889936924,2026-05-17 19:13:12.400506,2026-05-17 19:13:23.129626,0 days 00:00:10.729120,0.9034113848361187,0.990682612679141,80,2.53725052948934,0.24428261285751834,0.00807802224828704,5,0.3169691516133465,5000,COMPLETE
145,0.0023268014192581177,2026-05-17 19:13:23.139327,2026-05-17 19:13:34.874106,0 days 00:00:11.734779,0.9073615145817002,0.9911891848556155,80,2.589882254712103,0.25975236086030873,0.005391636809987452,5,0.3200537659424204,5000,COMPLETE
146,0.024823172017931938,2026-05-17 19:13:34.883425,2026-05-17 19:13:35.471215,0 days 00:00:00.587790,0.9024004243845826,0.990847189575154,80,2.6331637557145005,0.27464234994798314,0.008017323228165637,5,0.3152248819346299,5000,PRUNED
147,0.03704418987035751,2026-05-17 19:13:35.478917,2026-05-17 19:13:35.701425,0 days 00:00:00.222508,0.9064770185580578,0.9911992504059091,80,2.241488186239522,0.5050550425134127,0.005911764977895131,5,0.3420940389720278,5000,PRUNED
148,0.03992598503828049,2026-05-17 19:13:35.709430,2026-05-17 19:13:35.932518,0 days 00:00:00.223088,0.9148773511659753,0.9905192679697942,80,2.979446631837027,0.6624403485801462,0.00555295964789126,5,0.32346124740566407,5000,PRUNED
149,0.03508630022406578,2026-05-17 19:13:35.938972,2026-05-17 19:13:36.342428,0 days 00:00:00.403456,0.9037602185726421,0.9910262842575605,80,2.4423003837061414,0.3492722653139133,0.006719224972333664,5,0.3370170079256683,5000,PRUNED
150,0.011716610752046108,2026-05-17 19:13:36.348998,2026-05-17 19:13:37.106038,0 days 00:00:00.757040,0.8979599245566099,0.9907778433762684,80,2.650127029803195,0.21953320070344032,0.008012673974339166,5,0.3071497301049003,5000,PRUNED
151,0.0023015406914055347,2026-05-17 19:13:37.114237,2026-05-17 19:13:48.329900,0 days 00:00:11.215663,0.9079218441451068,0.9911041764787084,80,2.15073525605273,0.1690273549914705,0.005160637198661044,5,0.3271510019214246,5000,COMPLETE
152,0.034002404659986496,2026-05-17 19:13:48.337841,2026-05-17 19:13:48.609017,0 days 00:00:00.271176,0.9084103793020714,0.9911371117777703,80,2.074079914305551,0.2461188935731423,0.0050474866994698895,5,0.3225092269157023,5000,PRUNED
153,0.0023605197202414274,2026-05-17 19:13:48.615983,2026-05-17 19:14:01.329565,0 days 00:00:12.713582,0.9073447760743439,0.9913198924972019,80,2.263993997781929,0.18009956588929177,0.007158918044099748,5,0.3715358918511209,5000,COMPLETE
154,0.05647875368595123,2026-05-17 19:14:01.337761,2026-05-17 19:14:01.570833,0 days 00:00:00.233072,0.9065453170991734,0.9906580987772846,80,2.344933392821116,0.16725422109035118,0.0060261802219446535,5,0.3658115711494643,5000,PRUNED
155,0.039440613240003586,2026-05-17 19:14:01.576981,2026-05-17 19:14:01.788481,0 days 00:00:00.211500,0.9105962380731915,0.9913450701384335,80,1.875064319220916,0.45779986205527046,0.005376436780369939,5,0.33921218072545783,5000,PRUNED
156,0.021460432559251785,2026-05-17 19:14:01.794485,2026-05-17 19:14:02.175503,0 days 00:00:00.381018,0.9036936420663022,0.9902754199910078,64,3.1205151362647072,0.19435146554637966,0.007012694055565591,5,0.3490484467431726,5000,PRUNED
157,0.03557673841714859,2026-05-17 19:14:02.181521,2026-05-17 19:14:02.392000,0 days 00:00:00.210479,0.9171241760311211,0.9915751464229394,80,2.1697840807636215,0.26086502125996064,0.006412319550950574,5,0.3752616124442161,5000,PRUNED
158,0.004820013418793678,2026-05-17 19:14:02.398167,2026-05-17 19:14:04.345313,0 days 00:00:01.947146,0.908401561738573,0.9910755499069878,80,2.4609951389835425,0.162591533147953,0.008404706163665407,5,0.3145034433832907,5000,PRUNED
159,0.03563496097922325,2026-05-17 19:14:04.352092,2026-05-17 19:14:04.582102,0 days 00:00:00.230010,0.9137026735915241,0.9909116854764621,80,2.892855216449427,0.10755159654738577,0.005215408516668535,5,0.38883241425737014,5000,PRUNED
160,0.03541834279894829,2026-05-17 19:14:04.589536,2026-05-17 19:14:04.801578,0 days 00:00:00.212042,0.9014647439398913,0.9904456112289899,80,1.7995651835818849,0.4006888418150345,0.007344220974219378,5,0.33142627747273967,1000,PRUNED
161,0.026658114045858383,2026-05-17 19:14:04.807776,2026-05-17 19:14:05.190282,0 days 00:00:00.382506,0.9103710678792878,0.9950146287861146,64,2.0353499271678688,0.21542276976379995,0.004654375064130305,5,0.3523643828174119,5000,PRUNED
162,0.045315030962228775,2026-05-17 19:14:05.196550,2026-05-17 19:14:05.384512,0 days 00:00:00.187962,0.9432672277071186,0.9917241376646476,80,2.6952707691610343,0.280202199411746,0.006026931971020565,4,0.8574953997886308,5000,PRUNED
163,0.03534436970949173,2026-05-17 19:14:05.390535,2026-05-17 19:14:05.583971,0 days 00:00:00.193436,0.9072290466141979,0.9913039880839978,80,2.361333313283205,0.18543802058167672,0.009894484658183218,4,0.3210027848153267,5000,PRUNED
164,0.036214232444763184,2026-05-17 19:14:05.590256,2026-05-17 19:14:05.784201,0 days 00:00:00.193945,0.9130845451476007,0.9915462201196305,80,3.2114131886720716,0.1286266128949558,0.007514029787551212,4,0.3384215202489074,5000,PRUNED
165,0.03430377319455147,2026-05-17 19:14:05.790372,2026-05-17 19:14:06.002165,0 days 00:00:00.211793,0.9040907668808389,0.9907223927652828,80,2.741706601336151,0.07682541220409149,0.006811927817274413,5,0.31178982331682253,5000,PRUNED
166,0.0472797229886055,2026-05-17 19:14:06.008538,2026-05-17 19:14:06.203388,0 days 00:00:00.194850,0.9176444112410207,0.9911739969442548,96,1.6754736957239145,0.3295000365633587,0.0083657742028292,4,0.5344252094408413,5000,PRUNED
167,0.019818106666207314,2026-05-17 19:14:06.209515,2026-05-17 19:14:06.596217,0 days 00:00:00.386702,0.8975444524736036,0.9918243549951656,80,2.578495469942187,0.159477191138708,0.005656139304145634,5,0.8864839523632965,5000,PRUNED
168,0.035257622599601746,2026-05-17 19:14:06.602436,2026-05-17 19:14:06.797086,0 days 00:00:00.194650,0.9120444499449694,0.9913792177756193,96,2.2304705077222162,0.10491926186638109,0.006412006920533975,4,0.30028694704027326,5000,PRUNED
169,0.021009838208556175,2026-05-17 19:14:06.803355,2026-05-17 19:14:07.188688,0 days 00:00:00.385333,0.9199289581664117,0.9952363852623922,80,3.0766743703175625,0.21135023777578119,0.005215615892753884,5,0.32382375647096323,5000,PRUNED
170,0.03729769587516785,2026-05-17 19:14:07.194840,2026-05-17 19:14:07.386170,0 days 00:00:00.191330,0.9153919501660434,0.991056072377288,80,7.096132607078773,0.062410446141305406,0.007691783152358696,4,0.8544771676428782,2000,PRUNED
171,0.0024537586141377687,2026-05-17 19:14:07.392225,2026-05-17 19:14:20.245008,0 days 00:00:12.852783,0.9063206256187443,0.9909195523080123,80,1.9938776990417697,0.09699785093514299,0.008515538007752562,5,0.3648216183660206,5000,COMPLETE
172,0.021654630079865456,2026-05-17 19:14:20.254752,2026-05-17 19:14:20.746764,0 days 00:00:00.492012,0.9234695810359591,0.9920282898352838,64,1.52262274044719,0.1332108231824968,0.004333090104788238,5,0.3529462745795578,5000,PRUNED
173,0.03453194350004196,2026-05-17 19:14:20.754671,2026-05-17 19:14:20.989858,0 days 00:00:00.235187,0.9032050402099422,0.9915270980804928,80,2.2845521810703904,0.16308791299883693,0.004866971490249284,6,0.3307687717827969,5000,PRUNED
174,0.03857624903321266,2026-05-17 19:14:20.997408,2026-05-17 19:14:21.205978,0 days 00:00:00.208570,0.9075781195278068,0.9921609717497409,96,1.914778728675774,0.24408593476876553,0.005616193617489528,5,0.3434905715942688,5000,PRUNED
175,0.02613210119307041,2026-05-17 19:14:21.213628,2026-05-17 19:14:21.599298,0 days 00:00:00.385670,0.909415775840592,0.9913110792123618,48,2.8802403824758755,0.08171397092890956,0.003890787169928216,5,0.310998765801187,5000,PRUNED
176,0.014118033461272717,2026-05-17 19:14:21.605678,2026-05-17 19:14:22.167180,0 days 00:00:00.561502,0.9511864019300802,0.991704752220114,80,2.5175337417000607,0.11983114993191273,0.006771565627344097,5,0.8680554567848652,5000,PRUNED
177,0.04661557078361511,2026-05-17 19:14:22.173378,2026-05-17 19:14:22.364650,0 days 00:00:00.191272,0.9009742960539531,0.9919311227008145,96,1.3503884288486407,0.1858431480323584,0.0044435899538078786,4,0.3300315601006115,5000,PRUNED
178,0.040278661996126175,2026-05-17 19:14:22.370779,2026-05-17 19:14:22.563934,0 days 00:00:00.193155,0.9473507174341076,0.9925446666427841,80,3.3568623861983937,0.04878973926743753,0.006093574473225598,4,0.8183801979052127,5000,PRUNED
179,0.02553519606590271,2026-05-17 19:14:22.570189,2026-05-17 19:14:22.957088,0 days 00:00:00.386899,0.893802536645268,0.9945079943016567,80,1.7839041740103674,0.14523167556502167,0.0011576528195778447,5,0.8414016279859416,5000,PRUNED
180,0.03599940612912178,2026-05-17 19:14:22.963241,2026-05-17 19:14:23.182728,0 days 00:00:00.219487,0.9141686088675414,0.9905752562508942,80,2.118732929967757,0.3058944343290328,0.007294922104520726,5,0.3004394658668329,3000,PRUNED
181,0.005921068601310253,2026-05-17 19:14:23.189049,2026-05-17 19:14:24.450063,0 days 00:00:01.261014,0.9111095228578718,0.9911670680996053,112,1.6190566326084197,0.07409374470172805,0.008820886676204965,5,0.3570562732771886,5000,PRUNED
182,0.020184312015771866,2026-05-17 19:14:24.456449,2026-05-17 19:14:24.836667,0 days 00:00:00.380218,0.9306402122829682,0.9902227425886454,80,1.1255240993959796,0.03041188769392796,0.004086187372015815,5,0.6529886814797952,5000,PRUNED
183,0.03787840157747269,2026-05-17 19:14:24.843406,2026-05-17 19:14:25.086367,0 days 00:00:00.242961,0.9269832144604689,0.990818413591872,128,1.1916999011339389,0.220617424646957,0.00481729620734187,5,0.7548885302422583,5000,PRUNED
184,0.0434926338493824,2026-05-17 19:14:25.093336,2026-05-17 19:14:25.314116,0 days 00:00:00.220780,0.9050672220035475,0.9903870074228218,80,1.0790172637151219,0.01610114170377824,0.005316251476366265,5,0.7322774575516503,5000,PRUNED
185,0.020137973129749298,2026-05-17 19:14:25.320696,2026-05-17 19:14:25.705419,0 days 00:00:00.384723,0.9329508424944197,0.9915313701592239,96,1.2307503635808026,0.1129101428839844,0.0032453680363246857,5,0.3211639831859154,5000,PRUNED
186,0.021727250888943672,2026-05-17 19:14:25.712656,2026-05-17 19:14:26.054810,0 days 00:00:00.342154,0.9216697770274505,0.9933797170315541,128,2.632312672484383,0.05441514096923158,0.003624039779779269,4,0.8969741562445436,5000,PRUNED
187,0.047472257167100906,2026-05-17 19:14:26.061936,2026-05-17 19:14:26.273616,0 days 00:00:00.211680,0.9397194015181138,0.9941205803349464,80,2.386593397568514,0.09054565030204506,0.00436438990121348,5,0.6083753111136403,5000,PRUNED
188,0.027931638062000275,2026-05-17 19:14:26.281550,2026-05-17 19:14:26.624089,0 days 00:00:00.342539,0.9359833353440075,0.9906915763567578,48,2.8983961248000436,0.013259699774157658,0.006832725426808453,4,0.875927777082079,2000,PRUNED
189,0.015210499055683613,2026-05-17 19:14:26.631992,2026-05-17 19:14:27.122745,0 days 00:00:00.490753,0.9177070885286531,0.9928888041692367,64,2.160690641574829,0.1721678716204331,0.005988848999334592,4,0.37389280100187156,5000,PRUNED
190,0.013636410236358643,2026-05-17 19:14:27.129770,2026-05-17 19:14:27.820981,0 days 00:00:00.691211,0.9091330317346922,0.9917716881904552,96,3.665191751289045,0.02633070764977696,0.00792287015966235,5,0.8322244954877752,5000,PRUNED
191,0.081821009516716,2026-05-17 19:14:27.828973,2026-05-17 19:14:27.981050,0 days 00:00:00.152077,0.925194373600628,0.9910006016355496,112,1.3744086390973607,0.24603467603244156,0.004746649259424189,2,0.3405695442662935,5000,PRUNED
192,0.034313052892684937,2026-05-17 19:14:27.987214,2026-05-17 19:14:28.199235,0 days 00:00:00.212021,0.9106235185049031,0.9913275904727065,80,3.58524485293905,0.14094567936314345,0.00966765377769687,5,0.31152082762313943,5000,PRUNED
193,0.033314455300569534,2026-05-17 19:14:28.205198,2026-05-17 19:14:28.415893,0 days 00:00:00.210695,0.9057523087289916,0.9914049174901708,80,4.1089585878779955,0.13779884107361226,0.00902242257164188,5,0.30094074266588255,5000,PRUNED
194,0.026867207139730453,2026-05-17 19:14:28.421830,2026-05-17 19:14:28.803688,0 days 00:00:00.381858,0.912896057398083,0.9911851946258967,80,3.2844923406752597,0.2002913786793679,0.008712760050466308,5,0.3150578356689242,5000,PRUNED
195,0.04046737030148506,2026-05-17 19:14:28.809725,2026-05-17 19:14:29.021911,0 days 00:00:00.212186,0.9024007798802425,0.991652710155805,80,3.0279038979764312,0.0191782389561125,0.007757804728255839,5,0.3309857807451003,5000,PRUNED
196,0.0023276095744222403,2026-05-17 19:14:29.028075,2026-05-17 19:14:41.932478,0 days 00:00:12.904403,0.909023682885812,0.9938141006089428,80,1.0033494567693069,0.06758292953194078,0.005522258700885892,5,0.3217122375406205,5000,COMPLETE
197,0.0023662233725190163,2026-05-17 19:14:41.942088,2026-05-17 19:14:55.123315,0 days 00:00:13.181227,0.8990216999633833,0.9938100436594133,80,1.0207931054190744,0.07618633878155091,0.005368492789482906,5,0.3436534098356975,5000,COMPLETE
198,0.0023671139497309923,2026-05-17 19:14:55.132202,2026-05-17 19:15:07.687850,0 days 00:00:12.555648,0.8989043215172172,0.993609611678143,80,1.1516422828604103,0.06960315236751001,0.00541121919885771,5,0.34685254681888567,5000,COMPLETE
199,0.03593037649989128,2026-05-17 19:15:07.696368,2026-05-17 19:15:07.920495,0 days 00:00:00.224127,0.9026883834643791,0.993606361800974,80,1.0632458083577323,0.06174557785798234,0.0055351047226148455,5,0.35007441012502444,5000,PRUNED
200,0.02019607089459896,2026-05-17 19:15:07.927108,2026-05-17 19:15:08.323706,0 days 00:00:00.396598,0.8982899984246112,0.9938867713527451,80,1.1578004285875712,0.04133504948082626,0.005171030118366027,5,0.33802644399637305,5000,PRUNED
