run,nu_true,nu_pred,abs_error,rel_error_pct,best_val_loss,ic,nu_class
1,0.02788064315638721,0.03308939188718796,0.005208748730800749,18.682311959534083,8.96736491995398e-06,Gauss,low
2,0.046024370323082875,0.04976079985499382,0.0037364295319109453,8.118371866213216,3.210305521861301e-06,Gauss,low
3,0.12422117338536824,0.12401890009641647,0.0002022732889517681,0.16283318168655575,7.626366596014122e-07,Gauss,high
4,0.05152302833863108,0.04486233368515968,0.006660694653471397,12.927607068618913,1.9873285054927692e-05,Step_up,high
5,0.22347681955534132,0.05264860391616821,0.1708282156391731,76.44113424339726,0.0017306332010775805,N_wave,high
6,0.05157981679419254,0.0552227757871151,0.0036429589929225584,7.062760628751836,3.2299897156917723e-06,Gauss,high
7,0.4020061323701583,0.13697561621665955,0.26503051615349876,65.92698339971206,0.0024062683805823326,N_wave,high
8,0.02886756646989566,0.029110079631209373,0.00024251316131371214,0.8400886911150454,1.2901490663352888e-05,Step_up,low
9,0.4257706173979793,0.1136852279305458,0.31208538946743347,73.29894941428493,0.001811739755794406,N_wave,high
10,0.38963800038062457,0.38235339522361755,0.007284605157007018,1.8695828307020688,1.3134001619619085e-06,Gauss,high
11,0.04679732288395622,0.050307419151067734,0.0035100962671115107,7.500634760273639,2.6165773761022137e-06,Gauss,low
12,0.04132350762924464,0.045723143965005875,0.004399636335761237,10.646812403329516,3.680584768517292e-06,Gauss,low
13,0.1881965016777125,0.18513858318328857,0.003057918494423939,1.6248540579466457,1.861963141891465e-06,Gauss,high
14,0.011635246823360118,0.019168555736541748,0.00753330891318163,64.74558750276775,2.4930241124820895e-05,Step_up,low
15,0.04397169699062415,0.04739401862025261,0.0034223216296284595,7.7830101266234575,2.6161847017647233e-06,Gauss,low
16,0.015557522519371654,0.023280654102563858,0.007723131583192204,49.64242586552997,2.9261456802487373e-05,Gauss,low
17,0.009956855186248916,0.015974152833223343,0.006017297646974427,60.433716614506125,5.324778248905204e-05,Gauss,low1
2,0.0478815700625925,0.06667689234018326,0.01879532227759076,39.253771864667016,3.907798964064568e-05,Gauss,low
3,0.010954887780437666,0.04025162011384964,0.029296732333411974,267.4306932265217,0.00935924518853426,N_wave,low
4,0.15487578299441868,0.1502930372953415,0.004582745699077184,2.9589814562825065,6.224970547918929e-06,Gauss,high
5,0.38439575873810483,0.1634293496608734,0.22096640907723142,57.48409134445718,0.0006382694700732827,Step_up,high
6,0.03364266295901125,0.04471429064869881,0.011071627689687558,32.909486693062156,0.0035925672855228186,N_wave,low
7,0.04388167114102719,0.05031764879822731,0.006435977657200123,14.666664896412303,0.0003962221380788833,N_wave,low
8,0.3776089034784537,0.37652909755706787,0.0010798059213858457,0.28595880855533357,2.0062734620296396e-06,Gauss,high
9,0.008024996749206165,0.004712066147476435,0.0033129306017297307,41.28264104352998,0.013887997716665268,N_wave,low
10,0.3213976035152441,0.16201700270175934,0.15938060081348476,49.58985352419569,0.0009320304379798472,N_wave,high
11,0.005569818261891975,0.06135224178433418,0.055782423522442205,1001.512453361339,0.00044521421659737825,Step_up,low
12,0.47017486189374985,0.4493999481201172,0.020774913773632664,4.418550513304002,9.7324491434847e-06,Gauss,high
13,0.03651793605168287,0.07532035559415817,0.038802419542475305,106.25578479451652,0.00019528402481228113,Gauss,low
14,0.009428492917391396,0.022291814908385277,0.012863321990993881,136.4303086792031,2.364013562328182e-05,Step_up,low
15,0.04599427438729448,0.0727105364203453,0.026716262033050824,58.08606046936781,8.650581730762497e-05,Gauss,low
16,0.05005519443870755,0.010231497697532177,0.03982369674117537,79.55956856773253,0.004676728509366512,N_wave,high
17,0.4594296227450548,0.1753399670124054,0.2840896557326494,61.83529351791395,0.0010505776153877378,Step_up,high
18,0.047964117798122444,0.07663911581039429,0.028674998012271843,59.78427067701498,0.00010898708569584414,Gauss,low
19,0.03274858244421565,0.009845414198935032,0.022903168245280617,69.93636528938059,0.00010397667210781947,Step_up,low
20,0.4502819640378303,0.3033730685710907,0.14690889546673958,32.62597820915543,0.001836891402490437,N_wave,high
21,0.4745852094869524,0.07469680160284042,0.39988840788411195,84.26061324507121,0.002430138411000371,N_wave,high
22,0.14844817037333663,0.15003728866577148,0.0015891182924348546,1.0704869507238348,1.3160841263015755e-05,Gauss,high
23,0.1913704998411651,0.11236338317394257,0.07900711666722254,41.284898525528945,0.0007705931202508509,N_wave,high
24,0.04121585473274225,0.06738629192113876,0.02617043718839651,63.49604383578749,3.5082848626188934e-05,Step_up,low
25,0.05602104128808718,0.03752494975924492,0.01849609152884226,33.01632940688562,0.0034685716964304447,N_wave,high
26,0.34871306208102504,0.3163382112979889,0.032374850783036146,9.284094662193557,1.9381161109777167e-05,Gauss,high
27,0.029744478648501365,0.060041896998882294,0.03029741835038093,101.85896585518881,0.00016116736514959484,Gauss,low
28,0.046909989024343846,0.06523125618696213,0.018321267162618282,39.05621711638111,4.3297965021338314e-05,Gauss,low
29,0.48352036765829337,0.05180913582444191,0.43171123183385146,89.2850148018882,0.0017290794057771564,Step_up,high
30,0.4464304694891819,0.41976112127304077,0.026669348216141142,5.973908601412656,1.1179054126841947e-05,Gauss,high
31,0.3092873843123819,0.30790048837661743,0.001386895935764465,0.4484165879729814,1.8445952036927338e-06,Gauss,high
32,0.14897403426327094,0.16218449175357819,0.013210457490307248,8.867624184065104,1.0446227861393709e-05,Gauss,high
33,0.4442554589613026,0.3998001515865326,0.04445530737476999,10.006699181301974,1.5581024854327552e-05,Gauss,high
34,0.014789062216538359,0.006593680940568447,0.008195381275969912,55.415151792418285,0.009583062492311,N_wave,low
35,0.04624177734318308,0.07644069194793701,0.030198914604753935,65.306561165746,0.00010663091961760074,Gauss,low
36,0.011092310659168892,0.0271134190261364,0.016021108366967504,144.4343641216402,0.00015356273797806352,Gauss,low
37,0.04822491829111445,0.037790294736623764,0.010434623554490687,21.63741054261836,8.539917325833812e-05,Step_up,low
38,0.37004675540754617,0.33674585819244385,0.03330089721510232,8.999105309929503,1.2510927263065241e-05,Gauss,high
39,0.012565740304264201,0.040683891624212265,0.028118151319948062,223.76836254053515,0.0003152433200739324,Gauss,low
40,0.013713902953956202,0.03478506952524185,0.02107116657128565,153.6482111768701,0.0001770347444107756,Gauss,low
41,0.1966239828168857,0.08432915061712265,0.11229483219976305,57.11146249353636,0.0009429409401491284,N_wave,high
42,0.029874060454525786,0.05928673595190048,0.029412675497374696,98.45556663496276,0.0001454642479075119,Gauss,low
43,0.014797987292664877,0.038575079292058945,0.023777091999394068,160.67787820834246,0.00010971508163493127,Step_up,low
44,0.02497281241810312,0.052907828241586685,0.027935015823483567,111.86171327356429,0.00019761148723773658,Gauss,low
45,0.005124682486750013,0.015459245070815086,0.010334562584065073,201.6624953991848,0.0006003301241435111,Gauss,low
46,0.014982138823766315,0.03089490346610546,0.015912764642339147,106.2115685184853,0.00012871401850134134,Gauss,low
47,0.47600076678584147,0.3736650347709656,0.10233573201487589,21.499068731735463,6.348254100885242e-05,Gauss,high
48,0.027259894510573,0.03286774083971977,0.005607846329146772,20.57178294278328,1.666065691097174e-05,Step_up,low
49,0.3452976222322912,0.034566644579172134,0.3107309776531191,89.98931867653633,0.0007828791276551783,Step_up,high
50,0.41955777511255915,0.1728876680135727,0.24667010709898646,58.792881870157146,0.0008107218309305608,Step_up,high
51,0.34679273727899634,0.27707794308662415,0.0697147941923722,20.102726123784514,0.0001452648575650528,Gauss,high
52,0.03162732371622536,0.011307641863822937,0.020319681852402426,64.24723771988991,0.00011368908599251881,Step_up,low
53,0.0499690495052113,0.0487709604203701,0.001198089084841196,2.3976623464015394,0.00037723974674008787,N_wave,low
54,0.09505467730946311,0.1013164073228836,0.006261730013420494,6.587503309315965,1.7305779692833312e-05,Gauss,high
55,0.037976544152098626,0.030960911884903908,0.0070156322671947186,18.473593171344493,0.0011087253224104643,N_wave,low
56,0.24940744697973594,0.18947429955005646,0.05993314742967948,24.030215679385456,6.025385300745256e-05,Gauss,high
57,0.02867185127775366,0.05672786757349968,0.02805601629574602,97.85212689602132,0.0001436457532690838,Gauss,low
58,0.014737429931327699,0.03703407943248749,0.02229664950115979,151.29265825219144,3.546835432644002e-05,Step_up,low
59,0.27293503468787716,0.27620992064476013,0.003274885956882967,1.1998774582486482,3.7479112506844103e-06,Gauss,high
60,0.29937235570881177,0.29701006412506104,0.002362291583750731,0.7890814027092211,3.1615170428267447e-06,Gauss,high
61,0.04194640513064055,0.03004322573542595,0.011903179395214604,28.377114458658813,0.005848755594342947,N_wave,low
62,0.12668864845692082,0.0849190428853035,0.041769605571617324,32.97028272096584,0.0003462457680143416,N_wave,high
63,0.0069044501176036485,0.022142333909869194,0.015237883792265546,220.69655849080436,0.0003445957263465971,Gauss,low
64,0.0072577653119887,0.042823415249586105,0.03556564993759741,490.035822443149,0.003376586362719536,N_wave,low
65,0.03309493802275127,0.014190501533448696,0.018904436489302574,57.1218368087187,0.00014404940884560347,Step_up,low
66,0.048334889975003494,0.06677752733230591,0.018442637357302415,38.15595187418461,4.7729779907967895e-05,Gauss,low
67,0.08136893041077409,0.10405793786048889,0.022689007449714804,27.88411662187776,3.8562942791031674e-05,Gauss,high
68,0.12052738422099034,0.13645946979522705,0.015932085574236712,13.21864377727205,2.436499016766902e-05,Gauss,high
69,0.035674982423432415,0.05751055106520653,0.021835568641774113,61.20694996455512,8.101777348201722e-05,Gauss,low
70,0.006026270540389044,0.023140152916312218,0.017113882375923175,283.98795343194695,0.00023067292931955308,Step_up,low
71,0.49953390006781584,0.15078113973140717,0.3487527603364087,69.81563419200631,0.0004738895804621279,Step_up,high
72,0.2560395995516899,0.023803288117051125,0.2322363114346388,90.70327864958028,0.0005867731524631381,Step_up,high
73,0.4367012167255024,0.09945628046989441,0.337244936255608,77.2255545300187,0.00032013875897973776,Step_up,high
74,0.2202491087638716,0.08652878552675247,0.13372032323711913,60.71321876742769,0.0001766746718203649,Step_up,high
75,0.028195219649323765,0.05363006144762039,0.025434841798296626,90.20976645914037,0.0018025800818577409,N_wave,low
76,0.4531004786654065,0.33011963963508606,0.12298083903032042,27.142067779878914,0.0028602120000869036,N_wave,high
1,0.023956746188756782,0.04149957373738289,0.017542827548626107,73.22708772888026,7.141177047742531e-05,Gauss,low
2,0.37372866018566586,0.3212429881095886,0.05248567207607724,14.043791035454095,2.55183349509025e-05,Gauss,high
3,0.2794568245593933,0.2772124409675598,0.0022443835918334876,0.8031235577703654,2.6545662876742426e-06,Gauss,high
4,0.03952033119597499,0.06972464174032211,0.03020431054434712,76.42727080036042,0.00012916918785776943,Gauss,low
5,0.4204706848260481,0.3800463080406189,0.040424376785429206,9.614077329113462,1.9102160877082497e-05,Gauss,high
6,0.30555047780516625,0.2768658697605133,0.02868460804465295,9.387845913611576,3.64952975360211e-05,Gauss,high
7,0.010337376932697232,0.03237331286072731,0.022035935928030076,213.16757695397737,0.00027257067267782986,Gauss,low
8,0.04544952653664401,0.0649924948811531,0.019542968344509096,42.99927817455356,5.703693022951484e-05,Gauss,low
9,0.01981516447718086,0.043584272265434265,0.023769107788253405,119.9541281407273,0.0001545497216284275,Gauss,low
10,0.03548926545127156,0.059535395354032516,0.024046129902760956,67.7560653820165,9.353301720693707e-05,Gauss,low
11,0.3897163625783272,0.35805755853652954,0.03165880404179766,8.123550120489158,1.6201283870032057e-05,Gauss,high
12,0.03487799970031541,0.07573536038398743,0.04085736068367202,117.14364652426595,0.0002354992611799389,Gauss,low
13,0.20572151206153982,0.20368821918964386,0.002033292871895964,0.988371537580242,2.380742671448388e-06,Gauss,high
14,0.21949560649340477,0.18976448476314545,0.029731121730259324,13.54520129365444,3.5785189538728446e-05,Gauss,high
15,0.03411183828989261,0.05123090744018555,0.01711906915029294,50.18512636232022,5.2358464017743245e-05,Gauss,low
16,0.02662512252920312,0.055610060691833496,0.028984938162630376,108.86311652026745,0.00017154401575680822,Gauss,low
17,0.04572128885418402,0.06674406677484512,0.021022777920661102,45.98028281247211,4.869158146902919e-05,Gauss,low
18,0.012364411848676954,0.03436758369207382,0.022003171843396868,177.95566916311756,0.00021629073307849467,Gauss,low
19,0.012741868414473043,0.035751551389694214,0.02300968297522117,180.58327261553947,0.00022051265113987029,Gauss,low
20,0.11679885368250839,0.13766784965991974,0.020868995977411348,17.867466434335952,2.8663196644629352e-05,Gauss,high
21,0.36801795758915,0.2918734550476074,0.07614450254154259,20.69043126057159,6.291604950092733e-05,Gauss,high
22,0.4997239158624638,0.39854052662849426,0.10118338923396952,20.247858071659245,5.862562466063537e-05,Gauss,high
23,0.011776037196453055,0.03265969827771187,0.020883661081258813,177.34031179477742,0.0002290351112606004,Gauss,low
24,0.007323450037207151,0.0185238104313612,0.011200360394154047,152.93830554247057,0.00019820807210635394,Gauss,low
25,0.027717978850580444,0.05326642841100693,0.025548449560426484,92.1728445575009,0.0001168425806099549,Gauss,low
26,0.00619699045280388,0.01732499897480011,0.01112800852199623,179.5711742134647,0.00035135046346113086,Gauss,low
27,0.04949110465868814,0.07246626913547516,0.02297516447678702,46.42281604994189,6.949553062440827e-05,Gauss,low
28,0.0051162180697348555,0.01551778707653284,0.010401569006797985,203.30581818489688,0.0005651562241837382,Gauss,low
29,0.41406803747393317,0.3592211902141571,0.054846847259776066,13.245853892605473,3.761358675546944e-05,Gauss,high
30,0.049007949821130194,0.06895187497138977,0.019943925150259577,40.695285607847616,4.379500387585722e-05,Gauss,low
31,0.04491956305487545,0.06895550340414047,0.024035940349265025,53.508847180685635,6.322771514533088e-05,Gauss,low
32,0.017790611981801152,0.03970327600836754,0.021912664026566386,123.16981590617497,0.00014338578330352902,Gauss,low
33,0.3309490321336603,0.24608291685581207,0.08486611527784821,25.643258338212437,8.766882092459127e-05,Gauss,high
34,0.20580100839766013,0.1858959197998047,0.019905088597855447,9.672007320485879,2.647630390129052e-05,Gauss,high
35,0.15890141349701703,0.1634468287229538,0.004545415225936766,2.860525357140448,1.151701872004196e-05,Gauss,high
36,0.03547161285069726,0.06813565641641617,0.032664043565718906,92.08502501198457,0.00016420787142124027,Gauss,low
37,0.17756026336305686,0.15117840468883514,0.026381858674221714,14.857974512168198,3.1655716156819835e-05,Gauss,high
38,0.025502473259970432,0.061500050127506256,0.035997576867535824,141.15327756872458,0.00023952637275215238,Gauss,low
39,0.3066020906699994,0.27232998609542847,0.034272104574570916,11.17804007783447,1.927596895257011e-05,Gauss,high
40,0.039409306410201586,0.07007094472646713,0.030661638316265546,77.80303971127086,0.00011888214066857472,Gauss,low
41,0.04740929415600847,0.07234253734350204,0.024933243187493577,52.59146678169566,7.752631063340232e-05,Gauss,low
42,0.0453427035690484,0.07182298600673676,0.02648028243768836,58.40031659639323,9.858440171228722e-05,Gauss,low
43,0.1119761807350767,0.12180115282535553,0.009824972090278827,8.774162527942998,1.0256612767989282e-05,Gauss,high
44,0.26800542984928144,0.2191227674484253,0.04888266240085615,18.239429860934667,4.251338032190688e-05,Gauss,high
45,0.01452439565368311,0.04146445542573929,0.026940059772056178,185.48145075643606,0.00023680484446231276,Gauss,low
46,0.008822067030015692,0.02487330138683319,0.016051234356817497,181.94414418078782,0.00021035794634371996,Gauss,low
47,0.03209651087394832,0.05591743066906929,0.023820919795120972,74.216539887068,9.507143113296479e-05,Gauss,low
48,0.04803466722187023,0.07488639652729034,0.026851729305420118,55.90072932407971,9.932616376318038e-05,Gauss,low
49,0.1517847544994287,0.14278389513492584,0.009000859364502845,5.930015431514713,1.2367923773126677e-05,Gauss,high
50,0.032733452590464854,0.05012872442603111,0.01739527183556626,53.14218470383244,5.657187648466788e-05,Gauss,low
51,0.01356518350491057,0.03979486972093582,0.026229686216025252,193.36034935708875,0.0002720118791330606,Gauss,low
52,0.35570859181737224,0.35131019353866577,0.004398398278706472,1.236517300927242,3.853149792121258e-06,Gauss,high
53,0.3709355445733639,0.353733092546463,0.017202452026900905,4.6375852297159925,8.137177246680949e-06,Gauss,high
54,0.26106335233642125,0.2351464331150055,0.025916919221415757,9.927444426599457,1.540416451462079e-05,Gauss,high
55,0.15735768888782517,0.1442948579788208,0.01306283090900437,8.301361694703338,1.4562930118700024e-05,Gauss,high
56,0.017650534272442907,0.038306400179862976,0.02065586590742007,117.02685929269161,0.00013406148354988545,Gauss,low
57,0.07117673776314257,0.08738524466753006,0.016208506904387493,22.772196947723476,2.455296998959966e-05,Gauss,high
58,0.0051514299623027365,0.01547185331583023,0.010320423353527494,200.3409427877414,0.0005791656440123916,Gauss,low
1,0.025989407007548662,0.054502878338098526,0.028513471330549864,109.71189655180697,0.00016093773592729121,Gauss,low
2,0.26539208150712434,0.2602672874927521,0.005124794014372269,1.9310274765054345,2.3048014554660767e-06,Gauss,high
3,0.028997383563539748,0.0630905032157898,0.03409311965225005,117.57308923249717,0.00020616364781744778,Gauss,low
4,0.47652864564858893,0.4253771901130676,0.051151455535521306,10.734182719676923,1.998150946747046e-05,Gauss,high
5,0.41560978231466916,0.3601086735725403,0.05550110874212888,13.354139171851234,2.7915239115827717e-05,Gauss,high
6,0.09690421853176695,0.11176090687513351,0.014856688343366564,15.331312267376958,2.0880897864117287e-05,Gauss,high
7,0.04259871710686486,0.055538952350616455,0.012940235243751597,30.37705387063465,2.7460835553938523e-05,Gauss,low
8,0.04318209162103343,0.077653668820858,0.03447157719982457,79.82841012507582,0.00014937356172595173,Gauss,low
9,0.21484385119513982,0.19738523662090302,0.017458614574236808,8.12618768334188,1.2574794709507842e-05,Gauss,high
1,0.03178880444612496,0.06355267763137817,0.031763873185253214,99.92157219717402,0.00017626406042836607,Gauss,low
2,0.08562648332091488,0.10173434019088745,0.01610785686997257,18.811769729702434,2.4661541829118505e-05,Gauss,high
3,0.3860723934840954,0.33615759015083313,0.04991480333326226,12.928871417820902,2.9343396818148904e-05,Gauss,high
4,0.03569495220425948,0.05911688506603241,0.02342193286177293,65.61693297064562,8.837590576149523e-05,Gauss,low
5,0.028283301089369835,0.05534643307328224,0.027063131983912407,95.68590278199166,0.00013132288586348295,Gauss,low
6,0.40058761645858393,0.390122652053833,0.01046496440475092,2.612403373141435,5.281860921968473e-06,Gauss,high
7,0.02125221874053048,0.04539541155099869,0.024143192810468207,113.60316353428219,0.00013832977856509387,Gauss,low
8,0.03253060571663803,0.054248008877038956,0.021717403160400925,66.75991018910968,7.602059486089274e-05,Gauss,low
9,0.031335019192675846,0.05448789522051811,0.023152876027842266,73.88818205432582,0.0001065484611899592,Gauss,low
10,0.3314293503257705,0.3165779709815979,0.014851379344172577,4.481009098794289,1.1179618013557047e-05,Gauss,high
11,0.15386247652390145,0.16357634961605072,0.009713873092149272,6.313347680089038,1.0917873623839114e-05,Gauss,high
12,0.01434802407671536,0.03927675262093544,0.02492872854422008,173.7432862597128,0.00021304719848558307,Gauss,low
13,0.11326625997453496,0.12180464714765549,0.008538387173120526,7.5383323992865705,8.869647899700794e-06,Gauss,high
14,0.03168474431413625,0.06257357448339462,0.03088883016925837,97.48802093213426,0.0001642760180402547,Gauss,low
15,0.30632174983810817,0.2797600030899048,0.026561746748203385,8.671191896181494,2.357023549848236e-05,Gauss,high
16,0.31639196916533374,0.25645267963409424,0.059939289531239504,18.94463051301964,0.0001036281100823544,Gauss,high
17,0.3292925869665711,0.21991780400276184,0.10937478296380926,33.21507598192992,0.00017959809338208288,Gauss,high
18,0.1089650903847943,0.12135137617588043,0.012386285791086138,11.367205540183356,1.4113445104158018e-05,Gauss,high
19,0.043638999726455956,0.06405594199895859,0.020416942272502632,46.78599968029274,5.681117545464076e-05,Gauss,low
20,0.024908845843840666,0.04854551702737808,0.023636671183537416,94.89267921814279,0.00011344354425091296,Gauss,low
21,0.029795878663743856,0.05245270952582359,0.022656830862079737,76.04015010857512,8.603371679782867e-05,Gauss,low
22,0.03399527310157661,0.06356503814458847,0.029569765043011863,86.98198998036729,0.00013445515651255846,Gauss,low
23,0.00978996249505758,0.030050726607441902,0.020260764112384325,206.9544609860649,0.00026586168678477407,Gauss,low
24,0.005554731079111102,0.014020162634551525,0.008465431555440424,152.40038509290187,0.0004183903511147946,Gauss,low
25,0.12111445430538048,0.13368453085422516,0.012570076548844678,10.378675791371876,9.959726412489545e-06,Gauss,high
26,0.26068053153653514,0.24557670950889587,0.015103822027639269,5.793996942776075,1.133026944444282e-05,Gauss,high
27,0.42792026410862205,0.3899456858634949,0.03797457824512718,8.874218266861,1.601084295543842e-05,Gauss,high
28,0.010707255210215285,0.03197931498289108,0.021272059772675798,198.6695876304614,0.00022230322065297514,Gauss,low
29,0.14148780346093476,0.15161143243312836,0.010123628972193599,7.155124840840974,9.177703759633005e-06,Gauss,high
30,0.4965124535904164,0.39133235812187195,0.10518009546854445,21.183777910898026,7.828028901712969e-05,Gauss,high
31,0.11505384256932938,0.12113438546657562,0.006080542897246244,5.284954210531663,1.2712139323411975e-05,Gauss,high
32,0.49876799253761156,0.42386433482170105,0.07490365771591051,15.017735467510398,3.794370059040375e-05,Gauss,high
33,0.04162726537569346,0.07989262044429779,0.03826535506860433,91.92377813736432,0.00017394799215253443,Gauss,low
34,0.2412221612227749,0.2058500349521637,0.035372126270611204,14.663713355069449,3.633419328252785e-05,Gauss,high
35,0.30239534089810494,0.2862531542778015,0.016142186620303423,5.338106920682581,6.223331638466334e-06,Gauss,high
36,0.18940606775164742,0.17351660132408142,0.015889466427566,8.38910105477748,1.2900469300802797e-05,Gauss,high
37,0.2959097729034361,0.27902209758758545,0.01688767531585067,5.707035340587282,8.199402145692147e-06,Gauss,high
38,0.04748290588635658,0.06960495561361313,0.02212204972725655,46.589502715361306,7.596926297992468e-05,Gauss,low
39,0.00707388273113445,0.020096518099308014,0.013022635368173564,184.09458939511006,0.0002748977567534894,Gauss,low
40,0.3458011261124245,0.32803499698638916,0.017766129126035313,5.137672432061228,1.2811727174266707e-05,Gauss,high
41,0.033084866774571176,0.05787577107548714,0.02479090430091596,74.93125019916991,0.00011372485460015014,Gauss,low
42,0.35638642117971847,0.32258498668670654,0.03380143449301193,9.484490004170656,1.4104075489740353e-05,Gauss,high
43,0.03934716252253755,0.06147933006286621,0.022132167540328658,56.24844619393237,6.516925350297242e-05,Gauss,low
44,0.33458551285335675,0.27211254835128784,0.062472964502068906,18.67174820849155,4.8801888624439016e-05,Gauss,high
45,0.4298575515632487,0.4000055193901062,0.029852032173142473,6.944633650050018,8.909149983082898e-06,Gauss,high
46,0.04802359792856155,0.06839914619922638,0.02037554827066483,42.42820019644276,5.7308367104269564e-05,Gauss,low
47,0.47565360293432113,0.3725927174091339,0.10306088552518722,21.667214310876982,7.139885565266013e-05,Gauss,high
48,0.24141856350468843,0.2257537990808487,0.01566476442383974,6.488632935443476,1.1551028364920057e-05,Gauss,high
49,0.016054174081364274,0.03761047497391701,0.021556300892552734,134.27225083833707,0.00015482072194572538,Gauss,low
50,0.01590867666644529,0.03825974464416504,0.022351067977719748,140.496085540935,0.00015915885160211474,Gauss,low
51,0.2106965154100457,0.17553767561912537,0.035158839790920327,16.68695835927622,3.6581790482159704e-05,Gauss,high
52,0.017668750729850698,0.03808979317545891,0.02042104244560821,115.5771721376295,0.00012870784848928452,Gauss,low
53,0.257447001506968,0.2534205913543701,0.004026410152597859,1.5639763248471477,3.0215651349863037e-06,Gauss,high
54,0.047536208233679725,0.08164132386445999,0.03410511563078027,71.74555333299925,0.0001314732216997072,Gauss,low
55,0.030327580530770684,0.04923074692487717,0.018903166394106483,62.32995202148464,6.34807875030674e-05,Gauss,low
56,0.4379261636927883,0.3355804681777954,0.1023456955149929,23.370536862188924,9.05210108612664e-05,Gauss,high
57,0.3831667129490481,0.3604781925678253,0.022688520381222765,5.921318218537368,9.521252650301903e-06,Gauss,high
58,0.41306856650576856,0.4176758825778961,0.004607316072127554,1.1153877214869634,2.8589070097950753e-06,Gauss,high
59,0.2873275627941606,0.28165289759635925,0.005674665197801354,1.974981147863856,2.171437017750577e-06,Gauss,high
60,0.03496790690614074,0.06036954000592232,0.02540163309978158,72.64270397414259,0.00010986636334564537,Gauss,low
61,0.03563293792529384,0.0632953941822052,0.027662456256911362,77.63170220459236,0.00012175267329439521,Gauss,low
62,0.11624589250897052,0.1202697902917862,0.004023897782815672,3.461539755054273,1.3647197192767635e-05,Gauss,high
63,0.006129687690036194,0.024245610460639,0.018115922770602807,295.5439768986964,0.0004873476573266089,Gauss,low
64,0.047265382755323125,0.07446689903736115,0.02720151628203802,57.550610396727464,8.124981832224876e-05,Gauss,low
65,0.17311514806681141,0.17881420254707336,0.00569905448026195,3.2920599635004084,4.427931799000362e-06,Gauss,high
66,0.31532329532895254,0.2358299344778061,0.07949336085114644,25.210113565576286,0.00010638983076205477,Gauss,high
67,0.041156456824315533,0.07497871667146683,0.033822259847151294,82.1797172471097,0.00014931472833268344,Gauss,low
68,0.05008789837547498,0.07688967138528824,0.026801773009813255,53.50947809568402,7.844866922823712e-05,Gauss,high
69,0.005421399597050569,0.018338285386562347,0.012916885789511778,238.25740121681892,0.0005398147623054683,Gauss,low
70,0.012638223980305192,0.029417598620057106,0.016779374639751914,132.76687187930912,0.00014727101370226592,Gauss,low
71,0.41328195403487955,0.3412967622280121,0.07198519180686747,17.417937343761245,4.9578386096982285e-05,Gauss,high
72,0.02400316376446968,0.06184989586472511,0.03784673210025544,157.67393195174333,0.00027807470178231597,Gauss,low
73,0.013494136868123292,0.032084543257951736,0.018590406389828444,137.76654684557025,0.00015344320854637772,Gauss,low
74,0.310162634040583,0.25828325748443604,0.05187937655614694,16.726507600318747,0.0001147006987594068,Gauss,high
75,0.02389221753564497,0.04549936577677727,0.021607148241132298,90.4359262964873,0.00010547309648245573,Gauss,low
76,0.17143966287897616,0.1714547872543335,1.5124375357333797e-05,0.008821981508450876,4.036793598061195e-06,Gauss,high
77,0.11954159112016302,0.12757864594459534,0.008037054824432316,6.723228919007345,1.0412564733996987e-05,Gauss,high
78,0.28865161274153117,0.2915259003639221,0.0028742876223909475,0.9957635764067897,2.82945097751508e-06,Gauss,high
79,0.3695291596981192,0.33359935879707336,0.03592980090104586,9.723130085430368,1.2024133866361808e-05,Gauss,high
80,0.014839256430405495,0.036426179111003876,0.02158692268059838,145.4717275211107,0.00017088247113861144,Gauss,low
81,0.2101549985946406,0.19688153266906738,0.013273465925573213,6.316036265773464,1.2212981346237939e-05,Gauss,high
82,0.4432765719110434,0.42321401834487915,0.020062553566164265,4.525967496922082,8.057180821197107e-06,Gauss,high
83,0.011797123222471426,0.02958330325782299,0.017786180035351564,150.7670955023344,0.00016417082224506885,Gauss,low
84,0.08945502778544023,0.09593600779771805,0.006480980012277815,7.2449589170354765,8.00561156211188e-06,Gauss,high
85,0.06846890219453067,0.08957824110984802,0.021109338915317355,30.830549692972266,4.868133328272961e-05,Gauss,high
86,0.05410727055265416,0.06827584654092789,0.01416857598827373,26.186085240588262,2.094201772706583e-05,Gauss,high
87,0.2207567402781822,0.20724529027938843,0.013511449998793779,6.120515270232562,9.716460226627532e-06,Gauss,high
88,0.24197471731166909,0.2383980005979538,0.003576716713715289,1.478136539822214,3.536484655342065e-06,Gauss,high
89,0.4856530624530408,0.444942831993103,0.04071023045993777,8.38257464172259,1.0496445611352101e-05,Gauss,high
90,0.041175122941224225,0.06420338898897171,0.023028266047747485,55.92761940412267,6.633134034927934e-05,Gauss,low
91,0.1593967250248122,0.18585871160030365,0.026461986575491453,16.601336427315115,6.343644781736657e-05,Gauss,high
92,0.048364888571067494,0.07843715697526932,0.030072268404201824,62.17789246017502,0.00013161008246243,Gauss,low
93,0.049814270038371855,0.0853586345911026,0.035544364552730745,71.3537798011513,0.00011154194362461567,Gauss,low
94,0.04442943907277284,0.07301309704780579,0.02858365797503295,64.33495126556646,9.950234380085021e-05,Gauss,low
95,0.005071451938934956,0.015673739835619926,0.010602287896684971,209.0582346899167,0.0006176353781484067,Gauss,low
96,0.2932210310998187,0.29233115911483765,0.0008898719849810277,0.3034816369219084,1.2745605317832087e-06,Gauss,high
97,0.3266539317963405,0.27404412627220154,0.052609805524138964,16.105670375625447,4.6924549678806216e-05,Gauss,high
98,0.021647778093910303,0.03993873670697212,0.01829095861306182,84.4934687232738,9.15051787160337e-05,Gauss,low
99,0.4807216901047812,0.4350299537181854,0.045691736386595794,9.50482104866883,1.77077017724514e-05,Gauss,high
100,0.0340280880717298,0.06643720716238022,0.03240911909065042,95.24225699173383,0.0001600735995452851,Gauss,low
101,0.20289842284608084,0.1902814507484436,0.012616972097637236,6.218368738730166,9.621023309591692e-06,Gauss,high
102,0.013463597667145784,0.03311992436647415,0.019656326699328368,145.99609395113046,0.00016357925778720528,Gauss,low
103,0.04389636544997319,0.06790921092033386,0.024012845470360672,54.70349361321745,7.758666470181197e-05,Gauss,low
104,0.008398016986277668,0.021763037890195847,0.013365020903918178,159.14496155171605,0.00019681121921166778,Gauss,low
105,0.04520631468667501,0.07874683290719986,0.03354051822052485,74.19432097704534,0.00015062377497088164,Gauss,low
106,0.013451359565154284,0.034549783915281296,0.021098424350127012,156.84975372141884,0.00019401387544348836,Gauss,low
107,0.26702300626236103,0.2553887367248535,0.011634269537507513,4.3570288943853654,6.109672085585771e-06,Gauss,high
108,0.40395814306730526,0.3581677973270416,0.04579034574026364,11.335418415524874,1.8942400856758468e-05,Gauss,high
109,0.2931308191049343,0.28199437260627747,0.01113644649865686,3.7991387369849567,6.377490535669494e-06,Gauss,high
110,0.024203178564211173,0.05150614306330681,0.027302964499095635,112.8073505992641,0.00013971813314128667,Gauss,low
111,0.04503201577245728,0.06598690152168274,0.02095488574922546,46.533306115161736,5.889895692234859e-05,Gauss,low
112,0.12051880754093883,0.12487281113862991,0.004354003597691086,3.612717124015753,5.036034963268321e-06,Gauss,high
113,0.48051081911894633,0.4305524230003357,0.04995839611861064,10.396934705905938,1.7891672541736625e-05,Gauss,high
114,0.006763067858269453,0.019498229026794434,0.01273516116852498,188.30450078884286,0.00032060814555734396,Gauss,low
115,0.04709358504138815,0.06708554178476334,0.019991956743375186,42.45154987840759,5.0487265980336815e-05,Gauss,low
116,0.39507890293367165,0.34192976355552673,0.053149139378144916,13.452791071222533,3.041740637854673e-05,Gauss,high
117,0.33063884948010747,0.3064068853855133,0.02423196409459416,7.328831482657348,1.2221622455399483e-05,Gauss,high
118,0.13932036384654667,0.13669714331626892,0.002623220530277748,1.882869422568458,1.2292989595152903e-05,Gauss,high
119,0.3989280708977995,0.33956125378608704,0.05936681711171249,14.881584286136018,4.0206523408414796e-05,Gauss,high
120,0.10897415631502244,0.1185210570693016,0.009546900754279164,8.760701690298925,9.627949111745693e-06,Gauss,high
121,0.026591348550033932,0.06666164100170135,0.04007029245166742,150.68920771833623,0.0002758181362878531,Gauss,low
122,0.05301279333140522,0.07327588647603989,0.020263093144634668,38.223024804525146,4.564924165606499e-05,Gauss,high
123,0.018569983807832386,0.04676374793052673,0.028193764122694347,151.82438721784385,0.00020279543241485953,Gauss,low
124,0.1855564278132925,0.18796946108341217,0.0024130332701196577,1.3004309786280537,5.550292371481191e-06,Gauss,high
125,0.4447706809899798,0.36864379048347473,0.07612689050650506,17.115986678137205,5.315335147315636e-05,Gauss,high
126,0.008787638553407254,0.022311948239803314,0.01352430968639606,153.90152433104163,0.00019155196787323803,Gauss,low
127,0.01617685076108053,0.0387459434568882,0.022569092695807667,139.51474875509183,0.00015474452811758965,Gauss,low
128,0.18516087472910464,0.17464186251163483,0.010519012217469814,5.681012380644352,1.0232186468783766e-05,Gauss,high
129,0.01852412223331126,0.054877862334251404,0.03635374010094014,196.2508109321721,0.0003434578829910606,Gauss,low
130,0.3410081671454062,0.3049366772174835,0.036071489927922695,10.577896192304912,1.4367577932716813e-05,Gauss,high
131,0.04767480650175345,0.07967386394739151,0.03199905744563806,67.11942804521117,0.00011144988820888102,Gauss,low
132,0.04435418331743975,0.06752452999353409,0.023170346676094335,52.23937167384145,9.039405267685652e-05,Gauss,low
133,0.09224155474687144,0.1077471524477005,0.015505597700829057,16.809774882241953,2.642010076669976e-05,Gauss,high
134,0.13149886475598452,0.13316819071769714,0.0016693259617126255,1.2694603598367982,1.67487178259762e-05,Gauss,high
135,0.1318938635076703,0.12362746149301529,0.008266402014655005,6.26746521393262,1.2850883649662137e-05,Gauss,high
136,0.019387235881508636,0.04741447791457176,0.028027242033063126,144.5654357555697,0.00019822768808808178,Gauss,low
137,0.3817487132949561,0.3548983931541443,0.02685032014081179,7.033506389336807,9.289542504120618e-06,Gauss,high
138,0.39796289781464567,0.3090715706348419,0.08889132717980375,22.33658656822968,7.375559653155506e-05,Gauss,high
139,0.30068707218340174,0.27393877506256104,0.026748297120840703,8.895725688042146,1.0531894076848403e-05,Gauss,high
140,0.03560732910751783,0.061533790081739426,0.025926460974221598,72.81214745406925,9.892292291624472e-05,Gauss,low
141,0.0277325687879779,0.05658990517258644,0.02885733638460854,104.05576419995477,0.00017561789718456566,Gauss,low
142,0.04734355544933441,0.07465764880180359,0.027314093352469176,57.69337155444496,9.007517655845731e-05,Gauss,low
143,0.04937847827055493,0.0747450515627861,0.025366573292231173,51.37171938195919,6.514337292173877e-05,Gauss,low
144,0.19829211453582513,0.19217956066131592,0.006112553874509208,3.082600580874265,5.381320534070255e-06,Gauss,high
145,0.39391608184089133,0.33742755651474,0.05648852532615134,14.340243501144467,3.194314558641054e-05,Gauss,high
146,0.16474966406757025,0.16965539753437042,0.004905733466800177,2.9776895112746,1.1830044059024658e-05,Gauss,high
147,0.01885177783542513,0.03901970386505127,0.02016792602962614,106.9815600718983,0.00011269355309195817,Gauss,low
148,0.390547101428383,0.37393873929977417,0.016608362128608833,4.2525887576339905,6.102291990828235e-06,Gauss,high
149,0.07852122198054075,0.10067831724882126,0.02215709526828051,28.217970517284506,4.440117481863126e-05,Gauss,high
150,0.04436133558523752,0.06623050570487976,0.02186917011964224,49.29781718952533,5.580774086411111e-05,Gauss,low
151,0.4627246623526812,0.4612496495246887,0.0014750128279925057,0.31876684948948647,6.197721631906461e-06,Gauss,high
152,0.020664110380112243,0.04330268129706383,0.022638570916951584,109.55502318038148,0.00012934401456732303,Gauss,low
153,0.03575821284204301,0.06859644502401352,0.03283823218197051,91.83409788131439,0.00013730680802837014,Gauss,low
154,0.012642823227630594,0.047122713178396225,0.03447988995076563,272.72302499184394,0.00043747626477852464,Gauss,low
155,0.03306700167292439,0.06128835678100586,0.02822135510808147,85.34597538424362,0.00011413832544349134,Gauss,low
156,0.015529738983065516,0.036300137639045715,0.0207703986559802,133.74596107912302,0.00016511301510035992,Gauss,low
157,0.372888772765278,0.3382391035556793,0.034649669209598666,9.292226460089632,1.947747114172671e-05,Gauss,high
158,0.36449139644048145,0.2722738981246948,0.09221749831578663,25.30032237148978,7.461799395969138e-05,Gauss,high
159,0.35835424799225274,0.34372565150260925,0.014628596489643486,4.082160758970476,9.359066098113544e-06,Gauss,high
160,0.029984456032909626,0.062453050166368484,0.03246859413345886,108.28475293272872,0.0001866163220256567,Gauss,low
161,0.3141305458352989,0.322599858045578,0.008469312210279079,2.69611227642905,2.503388714103494e-05,Gauss,high
162,0.05351543227441052,0.07160516083240509,0.018089728557994574,33.802826192706554,4.042532236780971e-05,Gauss,high
163,0.04914847214769271,0.07389812916517258,0.024749657017479866,50.356920441201844,8.675176650285721e-05,Gauss,low
164,0.005433140303750087,0.014994659461081028,0.009561519157330941,175.98513240549568,0.0004580067179631442,Gauss,low
165,0.030597747088597606,0.05427442863583565,0.02367668154723804,77.38047340113242,0.00010472461872268468,Gauss,low
166,0.005842047502384737,0.01723329722881317,0.011391249726428434,194.9872835128181,0.0004277373955119401,Gauss,low
167,0.013036412953321527,0.03207671642303467,0.01904030346971314,146.05477394655477,0.00015904185420367867,Gauss,low
168,0.017214995357953816,0.05306724086403847,0.03585224550608465,208.26172043967412,0.0003310611646156758,Gauss,low
169,0.40605799713773477,0.31754690408706665,0.08851109305066812,21.797648039091612,8.400296064792201e-05,Gauss,high
170,0.030734920767198113,0.055568378418684006,0.024833457651485893,80.79883413263728,9.252370364265516e-05,Gauss,low
171,0.011170008577629547,0.030006898567080498,0.01883688998945095,168.63809780035496,0.00019053158757742494,Gauss,low
172,0.02373656282269547,0.0472838319838047,0.023547269161109233,99.20252286314492,0.00014990667114034295,Gauss,low
173,0.37022742562637295,0.3060944676399231,0.06413295798644986,17.322584321770833,6.826975004514679e-05,Gauss,high
174,0.01008582490645332,0.027639523148536682,0.01755369824208336,174.0432577889766,0.0002064881700789556,Gauss,low
175,0.04698758252347034,0.06722568720579147,0.02023810468232113,43.07117667143692,5.173021418158896e-05,Gauss,low
176,0.25137569395081893,0.25045567750930786,0.0009200164415110734,0.3659926013734138,2.7261703507974744e-06,Gauss,high
177,0.03087727944917658,0.057036761194467545,0.026159481745290966,84.7208115868789,9.704585681902245e-05,Gauss,low
178,0.37689974389806546,0.38327351212501526,0.006373768226949794,1.691104419713698,2.269090873596724e-05,Gauss,high
179,0.016053916901316773,0.048186928033828735,0.03213301113251196,200.1568298256007,0.0002859593369066715,Gauss,low
180,0.3105720396217927,0.2586240768432617,0.051947962778530976,16.72654204215936,4.260143396095373e-05,Gauss,high
181,0.006818474738932655,0.020714668557047844,0.013896193818115188,203.8020869795062,0.0002972590154968202,Gauss,low
182,0.340260944159642,0.2745850682258606,0.06567587593378138,19.301620436040373,4.507656194618903e-05,Gauss,high
183,0.019365965442835816,0.048114340752363205,0.02874837530952739,148.44793250502505,0.00019408493244554847,Gauss,low
184,0.0059087076994651985,0.022018518298864365,0.016109810599399164,272.6452452683905,0.0005088866455480456,Gauss,low
185,0.046638271552974835,0.06836076825857162,0.02172249670559679,46.57654750546006,5.383809548220597e-05,Gauss,low
186,0.04669433196291517,0.07679057866334915,0.030096246700433982,64.45374724353385,0.00010066216782433912,Gauss,low
187,0.01231425255182898,0.03237198293209076,0.02005773038026178,162.88223987482453,0.00019849877571687102,Gauss,low
188,0.04530002305906,0.07000929862260818,0.024709275563548183,54.54583440572075,7.75519001763314e-05,Gauss,low
189,0.024881966515516746,0.04768581688404083,0.022803850368524087,91.64810327312065,0.00011149147758260369,Gauss,low
190,0.005976057823910799,0.018558092415332794,0.012582034591421995,210.54071031709282,0.0003932571562472731,Gauss,low
191,0.015220950310195675,0.03730365261435509,0.022082702304159412,145.08096967748082,0.0001687640033196658,Gauss,low
192,0.34945307164528594,0.3220440447330475,0.027409026912238454,7.843407065558755,8.804495337244589e-06,Gauss,high
193,0.052870936668043544,0.07076980173587799,0.017898865067834446,33.853883051504454,3.2705534977139905e-05,Gauss,high
194,0.3281601464154544,0.3244319260120392,0.0037282204034151945,1.1360978607972785,5.540988240682054e-06,Gauss,high
195,0.028769747445881472,0.053673747926950455,0.024904000481068982,86.5631529366592,0.00010502105578780174,Gauss,low
196,0.024618430429851675,0.05617319419980049,0.03155476376994881,128.17536788083092,0.0002032298652920872,Gauss,low
197,0.048815299032692605,0.0878332331776619,0.03901793414496929,79.92972473412112,0.0001693233789410442,Gauss,low
198,0.041654653657851905,0.06758709251880646,0.025932438860954553,62.25580237435556,8.995358075480908e-05,Gauss,low
199,0.0105022441578656,0.0286263357847929,0.0181240916269273,172.57351242737352,0.00021329388255253434,Gauss,low
200,0.016244016989762952,0.04298272728919983,0.026738710299436877,164.60651522519169,0.00020844947721343488,Gauss,low
201,0.012360645277478228,0.025288889184594154,0.012928243907115926,104.59198218940797,0.00010850832040887326,Gauss,low
202,0.3256815477766547,0.2463264912366867,0.079355056539968,24.365843592216027,6.992213457124308e-05,Gauss,high
203,0.156564973534791,0.16219188272953033,0.005626909194739321,3.593977035667521,5.137512744113337e-06,Gauss,high
204,0.4526635473552705,0.36433300375938416,0.08833054359588632,19.51350934087047,5.9099955251440406e-05,Gauss,high
205,0.05783944531948698,0.08967815339565277,0.03183870807616579,55.04670368171537,0.00013178573863115162,Gauss,high
206,0.21053746543919183,0.24138081073760986,0.030843345298418035,14.649813150394516,3.397286855033599e-05,Gauss,high
207,0.34875101563106237,0.3173902928829193,0.031360722748143055,8.9922957475539,1.7833759557106532e-05,Gauss,high
208,0.14108105284595612,0.14973413944244385,0.008653086596487725,6.133415098578741,4.68604184789001e-06,Gauss,high
209,0.27118659927692346,0.23651117086410522,0.03467542841281823,12.786556749218,5.9412119298940524e-05,Gauss,high
210,0.018472910520762963,0.04412217438220978,0.025649263861446815,138.847984093345,0.0001884823723230511,Gauss,low
211,0.04895285573733838,0.07076195627450943,0.02180910053717105,44.55123242286423,6.085562927182764e-05,Gauss,low
212,0.04366997399419516,0.06961284577846527,0.025942871784270113,59.40665727833632,9.280744416173548e-05,Gauss,low
213,0.07176313503565056,0.09286376088857651,0.02110062585292595,29.403155035581374,4.322444146964699e-05,Gauss,high
214,0.19455164985212448,0.20219022035598755,0.007638570503863074,3.926242984661927,6.846417363703949e-06,Gauss,high
215,0.4019004068676394,0.3948029577732086,0.007097449094430774,1.7659721097939136,2.9050086141069187e-06,Gauss,high
216,0.34766387022929635,0.3075123727321625,0.04015149749713387,11.548941646036607,1.672831604082603e-05,Gauss,high
217,0.027592816152167285,0.04561067000031471,0.018017853848147428,65.2990754868354,7.444028597092256e-05,Gauss,low
218,0.41389699121628276,0.36779430508613586,0.0461026861301469,11.138685979491896,1.6421647160314023e-05,Gauss,high
219,0.4300957394812932,0.3734079599380493,0.05668777954324389,13.180269958407598,3.063582698814571e-05,Gauss,high
220,0.3633077801743767,0.3018302023410797,0.06147757783329699,16.921624360422346,5.1089900807710364e-05,Gauss,high
221,0.16489725389530802,0.16271226108074188,0.0021849928145661335,1.325063191139234,6.536283763125539e-06,Gauss,high
222,0.038393000432155454,0.05835297703742981,0.019959976605274356,51.98858224312469,5.505526496563107e-05,Gauss,low
223,0.0050945055861839755,0.016761425882577896,0.01166692029639392,229.0098636467095,0.0006555094150826335,Gauss,low
224,0.01678426617138386,0.045295968651771545,0.028511702480387684,169.87160587931083,0.00024269901041407138,Gauss,low
225,0.25380403764708787,0.23765796422958374,0.016146073417504125,6.361629849228438,6.29271153229638e-06,Gauss,high
226,0.053644463944007605,0.07615538686513901,0.022510922921131403,41.96317991848627,5.5604203225811943e-05,Gauss,high
227,0.03630248105692168,0.056784193962812424,0.020481712905890744,56.41959532676503,5.717831663787365e-05,Gauss,low
228,0.329517042287592,0.2726725935935974,0.056844448693994576,17.250837255446882,7.09907544660382e-05,Gauss,high
229,0.04743292771112642,0.07672840356826782,0.0292954758571414,61.761896789410095,0.00011069539323216304,Gauss,low
230,0.45901006954866275,0.4495818614959717,0.009428208052691067,2.0540307671162146,2.306933083673357e-06,Gauss,high
231,0.09487824642509901,0.1195509135723114,0.02467266714721239,26.004556446656146,4.2537452827673405e-05,Gauss,high
232,0.2628130303701392,0.2523578703403473,0.01045516002979191,3.978174147251043,8.310837984026875e-06,Gauss,high
233,0.04942715573573106,0.09067913144826889,0.04125197571253783,83.46014472913852,0.00018039619317278266,Gauss,low
234,0.03449098826693063,0.07154420018196106,0.03705321191503043,107.42867565368202,0.00018512374663259834,Gauss,low
235,0.40301245918432377,0.3196832239627838,0.08332923522153995,20.676590344177942,5.9440528275445104e-05,Gauss,high
236,0.04965400552400643,0.08697899430990219,0.03732498878589576,75.17014668202366,0.00016779889119789004,Gauss,low
237,0.02278996727518857,0.042484160512685776,0.019694193237497205,86.41606633168915,0.00010840621689567342,Gauss,low
238,0.18901554054084346,0.1782880574464798,0.010727483094363666,5.67545031676674,8.880319001036696e-06,Gauss,high
239,0.03677096227124845,0.06588992476463318,0.029118962493384727,79.19010190318872,0.00012012185470666736,Gauss,low
240,0.4625346702572893,0.43997815251350403,0.022556517743785254,4.876719345435874,1.1975774214079138e-05,Gauss,high
241,0.012150751720309829,0.0316263772547245,0.019475625534414676,160.28329754990725,0.0001714218087727204,Gauss,low
242,0.04263198322959813,0.0710897445678711,0.028457761338272963,66.75214048807277,0.00010772568202810362,Gauss,low
243,0.0482566189131762,0.0807187631726265,0.03246214425945029,67.26982741550233,0.00010207840387010947,Gauss,low
244,0.26856346454985786,0.2524460256099701,0.016117438939887763,6.001352033085505,1.1479687600512989e-05,Gauss,high
245,0.10940169409498915,0.12085145711898804,0.011449763023998888,10.465800478425418,7.009319688222604e-06,Gauss,high
246,0.03906258887712535,0.07515174150466919,0.03608915262754384,92.38802052026122,0.00019904690270777792,Gauss,low
247,0.01628150726471072,0.041421711444854736,0.025140204180144017,154.4095627720785,0.0001923992531374097,Gauss,low
248,0.03889615878157421,0.06187454238533974,0.02297838360376553,59.076228408062725,6.854075763840228e-05,Gauss,low
249,0.034128400866283284,0.053733449429273605,0.01960504856299032,57.44496684683189,6.583796493941918e-05,Gauss,low
250,0.046132129492090994,0.07090628892183304,0.024774159429742044,53.70261399701782,6.696165655739605e-05,Gauss,low
251,0.36718513823199195,0.35166680812835693,0.015518330103635014,4.226295807710591,5.763586614193628e-06,Gauss,high
252,0.04229119896785154,0.05100071430206299,0.008709515334211451,20.59415563231526,3.2653373637003824e-05,Gauss,low
253,0.1659932248297477,0.16550268232822418,0.0004905425015235276,0.29551959245725634,4.2128840505029075e-06,Gauss,high
254,0.38162208692567834,0.3696730136871338,0.01194907323854455,3.131127271695796,8.456454452243634e-06,Gauss,high
255,0.0829843255781541,0.11714407056570053,0.034159744987546425,41.16409303751586,7.784001354593784e-05,Gauss,high
256,0.036628701773579665,0.06333423405885696,0.0267055322852773,72.90876004931204,0.00010711923096096143,Gauss,low
257,0.03669670612988201,0.06313738971948624,0.026440683589604226,72.05192612116666,9.786953160073608e-05,Gauss,low
258,0.026812995286026986,0.0531451515853405,0.026332156299313514,98.20669424812807,0.00013993792526889592,Gauss,low
259,0.0700724951027677,0.08926864713430405,0.01919615203153635,27.39470316189461,3.324480712763034e-05,Gauss,high
260,0.39175464643642965,0.35961440205574036,0.0321402443806893,8.204176944179453,1.5366709703812376e-05,Gauss,high
261,0.2779767115204394,0.24106347560882568,0.03691323591161372,13.279254837468468,2.3650503862882033e-05,Gauss,high
262,0.23454970799453417,0.2373349964618683,0.0027852884673341127,1.187504555494488,5.759721261711093e-06,Gauss,high
263,0.04882044839240116,0.07029817998409271,0.02147773159169155,43.993310792767176,4.2312178266001865e-05,Gauss,low
264,0.09380285603202765,0.10532166063785553,0.011518804605827881,12.279801589298039,1.7709977328195237e-05,Gauss,high
265,0.042106279351518415,0.06938625872135162,0.02727997936983321,64.7883873616334,8.916408114600927e-05,Gauss,low
266,0.012670569335454414,0.0338716022670269,0.021201032931572487,167.32502202760836,0.00019683685968630016,Gauss,low
267,0.03804627427942125,0.075442835688591,0.037396561409169755,98.29230881983386,0.00018714189354795963,Gauss,low
268,0.041797826349101994,0.07298153638839722,0.031183710039295223,74.60605673329516,0.00011662232282105833,Gauss,low
269,0.347270574451495,0.28811731934547424,0.05915325510602076,17.03376544340154,4.0632257878314704e-05,Gauss,high
270,0.007686531096487809,0.019566090777516365,0.011879559681028556,154.55033658104446,0.0002060945116681978,Gauss,low
271,0.22737457506229514,0.19733314216136932,0.030041432900925813,13.2123096404667,2.1735158952651545e-05,Gauss,high
272,0.45470683785667665,0.4034709334373474,0.05123590441932924,11.267898380599846,2.4467199182254262e-05,Gauss,high
273,0.418463150122749,0.3968360722064972,0.02162707791625179,5.168215626610817,2.6230200091958977e-05,Gauss,high
274,0.03671421714520696,0.060401905328035355,0.023687688182828397,64.51911554900423,8.206499478546903e-05,Gauss,low
275,0.20450585221177175,0.18930983543395996,0.015196016777811794,7.430602407444006,2.110049535986036e-05,Gauss,high
276,0.039580568436342084,0.0780307799577713,0.03845021152142922,97.14416199774686,0.00018173360149376094,Gauss,low
277,0.03632530302403323,0.06301665306091309,0.026691350036879856,73.47867138016869,0.00010248141188640147,Gauss,low
278,0.016057401629928195,0.03558141738176346,0.019524015751835263,121.58888593435879,0.0001221035490743816,Gauss,low
279,0.4632275045059958,0.4162878394126892,0.046939665093306604,10.13317746392562,1.5266003174474463e-05,Gauss,high
280,0.03762717098326307,0.0651540607213974,0.02752688973813433,73.15694754298312,0.0001209965193993412,Gauss,low
281,0.005145488139073388,0.016750404611229897,0.011604916472156508,225.53577344843222,0.0005827858112752438,Gauss,low
282,0.043006387680475766,0.0724228248000145,0.02941643711953873,68.40015799070085,9.915358532452956e-05,Gauss,low
283,0.1823966109733655,0.17129792273044586,0.011098688242919652,6.084920209696406,1.6037060049711727e-05,Gauss,high
284,0.033611069687530644,0.06210393086075783,0.028492861173227184,84.7722534216093,0.00013752965605817735,Gauss,low
285,0.3112048223878091,0.3056636452674866,0.005541177120322538,1.7805563158714097,1.9862031876982655e-06,Gauss,high
286,0.21814700381107327,0.25790491700172424,0.03975791319065097,18.225285012432906,7.35891007934697e-05,Gauss,high
287,0.04983034760701152,0.09615854173898697,0.04632819413197545,92.97184618767682,0.00022139723296277225,Gauss,low
288,0.045759740920203046,0.0768713504076004,0.031111609487397357,67.98904203074608,0.00013419543392956257,Gauss,low
289,0.11395221671539293,0.13281361758708954,0.018861400871696604,16.552026292568613,1.942957351275254e-05,Gauss,high
290,0.046836706684895736,0.08254752308130264,0.03571081639640691,76.2453616490572,0.00012330440222285688,Gauss,low
291,0.2479701688797168,0.22248266637325287,0.02548750250646392,10.278455114827613,2.019754538196139e-05,Gauss,high
292,0.04971278189185532,0.06875582784414291,0.01904304595228759,38.30613622410759,4.23284582211636e-05,Gauss,low
293,0.009149631173436878,0.027333859354257584,0.018184228180820706,198.74274532084948,0.00022090505808591843,Gauss,low
294,0.359621978851182,0.32473695278167725,0.034885026069504776,9.700471083815716,3.801657658186741e-05,Gauss,high
295,0.04023546395091804,0.06929244101047516,0.02905697705955712,72.21732821324692,9.74757713265717e-05,Gauss,low
296,0.04205318853250491,0.06399678438901901,0.0219435958565141,52.18057565255212,6.711894820909947e-05,Gauss,low
297,0.0170892320040236,0.04639367014169693,0.02930443813767333,171.4789648286927,0.00023553887149319053,Gauss,low
298,0.06334487411016763,0.08921338617801666,0.025868512067849028,40.83757751709986,6.941389437997714e-05,Gauss,high
299,0.1880135997235829,0.17445892095565796,0.013554678767924933,7.2094139933775985,3.1210820452542976e-05,Gauss,high
300,0.04830279022588261,0.07597906142473221,0.0276762711988496,57.297458530707246,7.568927685497329e-05,Gauss,low
301,0.3483401833837495,0.31133145093917847,0.037008732444571035,10.624307561955982,2.267098898300901e-05,Gauss,high
302,0.13051576178994212,0.13476897776126862,0.004253215971326496,3.258775731755534,5.390586011344567e-06,Gauss,high
303,0.03233900566515829,0.057911790907382965,0.02557278524222468,79.07721562934921,0.00013265389134176075,Gauss,low
304,0.4297785537671798,0.36006131768226624,0.06971723608491359,16.221664732642964,4.194281791569665e-05,Gauss,high
305,0.02644062699881703,0.05613793805241585,0.029697311053598817,112.31696984692341,0.00016421089821960777,Gauss,low
306,0.3800910589886771,0.2985948920249939,0.08149616696368323,21.44122179051599,6.462568126153201e-05,Gauss,high
307,0.037971794898708916,0.0592365637421608,0.02126476884345188,56.00148452338477,7.652960630366579e-05,Gauss,low
308,0.3653191981028537,0.3580753803253174,0.007243817777536299,1.9828735569207179,3.0542978493031114e-05,Gauss,high
309,0.03214462267233265,0.056482937186956406,0.024338314514623753,75.71504186786456,0.00010194798960583284,Gauss,low
310,0.387049376380789,0.3784037232398987,0.00864565314089033,2.233733902824976,5.745710950577632e-06,Gauss,high
311,0.08048459053827366,0.10634779930114746,0.025863208762873804,32.13436086324476,4.146070932620205e-05,Gauss,high
312,0.23256208091359343,0.23551791906356812,0.0029558381499746877,1.270988863860788,4.99181987834163e-06,Gauss,high
313,0.0465465754641359,0.071537546813488,0.024990971349352104,53.690247027104334,6.569128163391724e-05,Gauss,low
314,0.008316608530959434,0.02585086040198803,0.017534251871028597,210.83416161474395,0.00025801517767831683,Gauss,low
315,0.4783956279597415,0.43164947628974915,0.04674615166999235,9.771442073865732,2.8531514544738457e-05,Gauss,high
316,0.012913857107967292,0.03881554678082466,0.02590168967285737,200.5728378152577,0.00026077774236910045,Gauss,low
317,0.2816054706475114,0.25821831822395325,0.023387152423558155,8.304935401213175,1.5000237908679992e-05,Gauss,high
318,0.33199332705400497,0.2713339626789093,0.06065936437509567,18.271260122414535,0.00013583000691141933,Gauss,high
319,0.36286868607984835,0.33804938197135925,0.024819304108489093,6.839748112910374,7.535903932875954e-06,Gauss,high
320,0.026933393408970097,0.043794095516204834,0.016860702107234737,62.60147710024286,6.755657523171976e-05,Gauss,low
321,0.025116819147304806,0.048789821565151215,0.02367300241784641,94.25159403748253,0.0001265940081793815,Gauss,low
322,0.037325989795112625,0.07645932585000992,0.03913333605489729,104.84205849518106,0.00023168943880591542,Gauss,low
323,0.09787626895975096,0.12019047141075134,0.02231420245100038,22.798378696041745,3.437046689214185e-05,Gauss,high
324,0.01999056095054443,0.05136502534151077,0.03137446439096635,156.94639319319293,0.00021952888346277177,Gauss,low
325,0.07641742663952782,0.09516527503728867,0.01874784839776085,24.533472562740425,3.479891529423185e-05,Gauss,high
326,0.34284851957202084,0.3132171928882599,0.02963132668376095,8.642687657146618,1.2732592949760146e-05,Gauss,high
327,0.02498785080386583,0.05621523782610893,0.031227387022243102,124.97027962649739,0.00020602131553459913,Gauss,low
328,0.05248343065637784,0.07681982964277267,0.024336398986394836,46.369680262960195,6.485230551334098e-05,Gauss,high
329,0.23180670587139685,0.22810187935829163,0.0037048265131052194,1.59823957602012,3.377308530616574e-06,Gauss,high
330,0.015244427164849916,0.036973416805267334,0.021728989640417418,142.53726562136347,0.00016494329611305147,Gauss,low
331,0.2835523693232494,0.27430686354637146,0.009245505776877938,3.260599020542153,4.635067853087094e-06,Gauss,high
332,0.2618953685865542,0.2588847875595093,0.003010581027044934,1.1495358025202964,1.7830302567745093e-06,Gauss,high
333,0.13671584383702476,0.14033949375152588,0.0036236499145011203,2.6504974206360274,1.2403791515680496e-05,Gauss,high
334,0.03790416808602179,0.058232806622982025,0.020328638536960236,53.6316705087032,5.782334483228624e-05,Gauss,low
335,0.46920351370660435,0.4083189070224762,0.06088460668412815,12.976161709266238,2.577678424131591e-05,Gauss,high
336,0.06546448865087626,0.08478125929832458,0.019316770647448328,29.507250488833947,3.742404078366235e-05,Gauss,high
337,0.04161845426096573,0.06941188126802444,0.027793427007058717,66.78149753660215,0.00010201033728662878,Gauss,low
338,0.306642349441031,0.31508174538612366,0.008439395945092631,2.752195174761917,4.410234396345913e-06,Gauss,high
339,0.0282738163366111,0.051362473517656326,0.023088657181045226,81.66091519505369,9.996727749239653e-05,Gauss,low
340,0.03241413267623362,0.06038566306233406,0.027971530386100438,86.29424290167557,0.00015610399714205414,Gauss,low
341,0.038449465249733014,0.06519850343465805,0.026749038184925036,69.56933733977165,0.00010809904051711783,Gauss,low
342,0.04922885934262446,0.08456603437662125,0.03533717503399678,71.78142151955232,0.00012132138363085687,Gauss,low
343,0.47807134583340793,0.31330275535583496,0.16476859047757297,34.465272163579826,8.577675180276856e-05,Gauss,high
344,0.042448084824032326,0.07175158709287643,0.02930350226884411,69.03374413785966,0.00011225088383071125,Gauss,low
345,0.40395060290656637,0.372446745634079,0.03150385727248739,7.7989380498026435,9.493914149061311e-06,Gauss,high
346,0.38758878316046114,0.3333517909049988,0.05423699225546236,13.993437016728198,2.5197356080752797e-05,Gauss,high
347,0.30787528690510013,0.31029975414276123,0.0024244672376610987,0.7874835495998804,3.2795655897643883e-06,Gauss,high
348,0.009390356469576644,0.025706831365823746,0.016316474896247102,173.75777958067994,0.0002395355695625767,Gauss,low
349,0.014775996118485308,0.03489726409316063,0.02012126797467532,136.17537398715803,0.0001393286365782842,Gauss,low
350,0.14058346821118653,0.142831489443779,0.002248021232592462,1.5990651398750895,3.7875449834245956e-06,Gauss,high
351,0.3904174855247567,0.24568377435207367,0.14473371117268302,37.07152382740945,0.0001661146670812741,Gauss,high
352,0.01735004450913989,0.05036810785531998,0.033018063346180085,190.30535240867187,0.0002736447786446661,Gauss,low
353,0.04544259709168909,0.07435445487499237,0.028911857783303282,63.622811268836834,9.072964894585311e-05,Gauss,low
354,0.048355807938675936,0.07485317438840866,0.026497366449732725,54.79665748390816,6.876358384033665e-05,Gauss,low
355,0.44119600222602395,0.4032735824584961,0.03792241976752786,8.595367948982519,1.514291489002062e-05,Gauss,high
356,0.025564783454444125,0.046772778034210205,0.02120799457976608,82.95784948680772,9.822847641771659e-05,Gauss,low
357,0.4964361573078176,0.41435444355010986,0.08208171375770773,16.534193279320824,5.138101550983265e-05,Gauss,high
358,0.040197479733188206,0.0663285106420517,0.02613103090886349,65.0066399244651,9.402156865689903e-05,Gauss,low
359,0.05110525949051867,0.06628730148077011,0.015182041990251444,29.707396345513327,2.419958218524698e-05,Gauss,high
360,0.16172083687172006,0.15841346979141235,0.0033073670803077104,2.0451088086633975,4.410482688399497e-06,Gauss,high
361,0.025563989459274777,0.05241841822862625,0.026854428769351475,105.04787921358071,0.0001529216970084235,Gauss,low
362,0.06095659715547046,0.0791037529706955,0.01814715581522504,29.77061821371118,3.940707756555639e-05,Gauss,high
363,0.04238253451954129,0.06922240555286407,0.026839871033322783,63.32766866726137,8.612357487436384e-05,Gauss,low
364,0.16665077939348996,0.17181557416915894,0.005164794775668974,3.099172289782121,5.743198926211335e-06,Gauss,high
365,0.012924651084628317,0.030563436448574066,0.01763878536394575,136.47397711899626,0.0001487870904384181,Gauss,low
366,0.16461612480406457,0.16698168218135834,0.00236555737729377,1.437014375177031,2.833672397173359e-06,Gauss,high
367,0.04340785908604216,0.06960377842187881,0.026195919335836655,60.348332968718054,8.90920200617984e-05,Gauss,low
368,0.20708105010497035,0.21144026517868042,0.0043592150737100654,2.105076766560899,2.9596685635624453e-06,Gauss,high
369,0.016152944597276283,0.03775746747851372,0.021604522881237435,133.74974916264122,0.00015707233978901058,Gauss,low
370,0.23588347633114104,0.2188323438167572,0.017051132514383838,7.228625243103884,7.94921834312845e-06,Gauss,high
371,0.36032194826552144,0.3040926456451416,0.05622930262037984,15.605294901143363,4.13884554291144e-05,Gauss,high
372,0.021715130899273634,0.046052638441324234,0.0243375075420506,112.07626449474768,0.00013084494275972247,Gauss,low
373,0.029462843836675606,0.06791737675666809,0.038454532919992485,130.51874127684832,0.0002499609545338899,Gauss,low
374,0.2287365853690787,0.22584456205368042,0.0028920233153982844,1.2643466329323096,9.356132068205625e-06,Gauss,high
375,0.012601310964998468,0.0367673896253109,0.02416607866031243,191.77432195298078,0.00022915405861567706,Gauss,low
376,0.047765056031800736,0.07626833766698837,0.028503281635187637,59.67392065071774,7.736485713394359e-05,Gauss,low
377,0.39830930880868365,0.37984156608581543,0.01846774272286822,4.636533044659186,9.88707415672252e-06,Gauss,high
378,0.11862786303889436,0.1350836604833603,0.01645579744446593,13.87178106636768,1.4174387615639716e-05,Gauss,high
379,0.4160666956970455,0.25573140382766724,0.16033529186937828,38.53595914490707,0.00020825194951612502,Gauss,high
380,0.1450885691919106,0.13078337907791138,0.014305190113999222,9.859625877954283,2.6368890758021735e-05,Gauss,high
381,0.40681822704225695,0.2943190038204193,0.11249922322183764,27.653437270929395,0.00020907465659547597,Gauss,high
382,0.034163276484691966,0.05994614213705063,0.025782865652358662,75.46953426411417,0.00011400898802094162,Gauss,low
383,0.012457370538697662,0.03162571042776108,0.019168339889063416,153.8714757622305,0.00018255076429340988,Gauss,low
384,0.030534952477308162,0.04922255501151085,0.018687602534202687,61.200693035596665,6.817292160121724e-05,Gauss,low
385,0.39954573851076214,0.3631206452846527,0.03642509322610943,9.11662663751031,1.436542152077891e-05,Gauss,high
386,0.03655639902257908,0.0583307184278965,0.02177431940531742,59.563633146329586,6.002570444252342e-05,Gauss,low
387,0.05928015965251221,0.08377038687467575,0.02449022722216354,41.312687694702724,5.4277596063911915e-05,Gauss,high
388,0.38662376079335475,0.3009977340698242,0.08562602672353054,22.147119604813035,6.150562694529071e-05,Gauss,high
389,0.034076138836582615,0.05094227194786072,0.016866133111278103,49.49543489114846,5.239195525064133e-05,Gauss,low
390,0.01465825551490383,0.03467239439487457,0.020014138879970743,136.53834086615083,0.00016836175927892327,Gauss,low
391,0.022114973335806365,0.04340456798672676,0.021289594650920396,96.2677834951327,0.0001187612724606879,Gauss,low
392,0.03345208370597725,0.049930308014154434,0.016478224308177185,49.25918652186333,4.779817390954122e-05,Gauss,low
393,0.019283678162028476,0.03882421925663948,0.019540541094611005,101.33202250330187,0.00010495125752640888,Gauss,low
394,0.009392769452421356,0.03321002423763275,0.023817254785211395,253.5700988495098,0.00032410872518084943,Gauss,low
395,0.03370257325233027,0.06128012016415596,0.027577546911825693,81.82623535999265,0.00013916190073359758,Gauss,low
396,0.014902333339706243,0.035106904804706573,0.02020457146500033,135.5799189591783,0.00015646334213670343,Gauss,low
397,0.033817598013866024,0.06592072546482086,0.03210312745095484,94.93024146124095,0.00015904181054793298,Gauss,low
398,0.04745718259581117,0.06929188221693039,0.021834699621119218,46.00926230089029,6.033954559825361e-05,Gauss,low
399,0.03601372612803103,0.0653609111905098,0.029347185062478763,81.48888831482668,0.00014472239126916975,Gauss,low
400,0.34930154741475095,0.3309386670589447,0.018362880355806244,5.257028058339137,5.653663720295299e-06,Gauss,high
401,0.41896789968848075,0.3732701241970062,0.045697775491474524,10.907225953456729,1.834101385611575e-05,Gauss,high
402,0.012377289861975574,0.04737797752022743,0.03500068765825186,282.7815139546655,0.000423081626649946,Gauss,low
403,0.02455654676252989,0.0536389984190464,0.029082451656516514,118.43054293322939,0.00018030694627668709,Gauss,low
404,0.14996990450103517,0.15253841876983643,0.002568514268801253,1.7126864735607827,2.9751033707725583e-06,Gauss,high
405,0.46405478697255487,0.4089205861091614,0.05513420086339349,11.880968026013324,6.638274498982355e-05,Gauss,high
406,0.044182435333678834,0.06888532638549805,0.024702891051819213,55.911112335152346,7.694792293477803e-05,Gauss,low
407,0.03875201928396202,0.06223954260349274,0.023487523319530718,60.60980499473303,7.00925593264401e-05,Gauss,low
408,0.31371515786962106,0.2512055039405823,0.06250965392903879,19.925608425659043,6.772469350835308e-05,Gauss,high
409,0.04911974239462207,0.07266376167535782,0.023544019280735747,47.931886717943144,7.194967474788427e-05,Gauss,low
410,0.01642963625249344,0.03776881843805313,0.02133918218555969,129.8822558066138,0.00014662111061625183,Gauss,low
411,0.2731754479975322,0.28142836689949036,0.008252918901958173,3.021105652962168,7.471199933206663e-05,Gauss,high
412,0.015978238397794393,0.036665093153715134,0.02068685475592074,129.468932938041,0.00014566352183464915,Gauss,low
413,0.2614363394485295,0.23801270127296448,0.02342363817556503,8.959595374145215,1.2745708772854414e-05,Gauss,high
414,0.029102897380192626,0.05533187463879585,0.026228977258603226,90.12496905704865,0.00013806838251184672,Gauss,low
415,0.11708325524787556,0.13017737865447998,0.013094123406604416,11.183600403732372,1.3016646335017867e-05,Gauss,high
416,0.027142414038641722,0.04878338426351547,0.02164097022487375,79.73119190527505,9.754751954460517e-05,Gauss,low
417,0.19374417902860008,0.1937772035598755,3.302453127540517e-05,0.017045431476178784,2.922349949585623e-06,Gauss,high
418,0.026737120265930486,0.049671854823827744,0.022934734557897258,85.77862660520556,0.00010258379188599065,Gauss,low
419,0.17765928942641712,0.18204301595687866,0.00438372653046154,2.467490748507801,2.2256049305724446e-06,Gauss,high
420,0.44649654207002787,0.32875561714172363,0.11774092492830424,26.369952246984685,0.00011541183630470186,Gauss,high
421,0.18460300266567437,0.18866679072380066,0.004063788058126294,2.201366174680282,2.165168325518607e-06,Gauss,high
422,0.02696612404234749,0.0588424988090992,0.0318763747667517,118.20895994060241,0.00021258600463625044,Gauss,low
423,0.017828776346616636,0.04293500632047653,0.025106229973859896,140.81858163319382,0.00018059455032926053,Gauss,low
424,0.16874799073745572,0.16495802998542786,0.0037899607520278655,2.2459294095681557,1.203133706439985e-05,Gauss,high
425,0.04600013331998701,0.07422854006290436,0.02822840674291735,61.36592376059949,8.845466072671115e-05,Gauss,low
426,0.49669029339533605,0.41138872504234314,0.08530156835299291,17.173995442890185,4.3757758248830214e-05,Gauss,high
427,0.0238990386712499,0.04443829879164696,0.020539260120397057,85.94178369653591,0.00010122072853846475,Gauss,low
428,0.04129982847240369,0.05661660060286522,0.01531677213046153,37.086769357156314,3.245300104026683e-05,Gauss,low
429,0.021854473007683128,0.046450987458229065,0.024596514450545937,112.54682024086704,0.00014811896835453808,Gauss,low
430,0.03590426209458076,0.061564818024635315,0.025660555930054556,71.46938673313565,8.345840615220368e-05,Gauss,low
431,0.013597888794192745,0.033616241067647934,0.02001835227345519,147.21661999474824,0.00016069287084974349,Gauss,low
432,0.03549778685220996,0.05808118358254433,0.022583396730334368,63.619168215633174,8.494243957102299e-05,Gauss,low
433,0.03029411673040891,0.06538642197847366,0.035092305248064753,115.83868102297062,0.00020742540073115379,Gauss,low
434,0.4939914933280825,0.4415372908115387,0.05245420251654381,10.618442468139135,2.950090856757015e-05,Gauss,high
435,0.03803971987228564,0.06794828921556473,0.02990856934327909,78.62457831890973,0.00013541730004362762,Gauss,low
436,0.04040562568834945,0.0557609498500824,0.01535532416173295,38.00293622519129,3.335173096274957e-05,Gauss,low
437,0.3021565005636679,0.2541927397251129,0.04796376083855497,15.87381398350834,5.5388281907653436e-05,Gauss,high
438,0.005051113347972347,0.01754537597298622,0.012494262625013873,247.35660762848264,0.0006949271191842854,Gauss,low
439,0.38694199516278543,0.34602802991867065,0.04091396524411478,10.573668858791713,1.6606514691375196e-05,Gauss,high
440,0.03078043247938795,0.05974448099732399,0.02896404851793604,94.09890045349998,0.0001344713818980381,Gauss,low
441,0.12817351141724698,0.1438704878091812,0.015696976391934236,12.246661746540914,1.2250176041561645e-05,Gauss,high
442,0.44141091547988215,0.37227335572242737,0.06913755975745478,15.66285683766826,0.00014208891661837697,Gauss,high
443,0.0059495397299853025,0.015829749405384064,0.009880209675398762,166.06679043763896,0.0003647992853075266,Gauss,low
444,0.08706588675914073,0.10327136516571045,0.016205478406569718,18.612890777073908,2.9468730645021424e-05,Gauss,high
445,0.01575425577918035,0.04443267732858658,0.028678421549406228,182.03602855874342,0.0002524697338230908,Gauss,low
446,0.03200882905718494,0.05031773820519447,0.018308909148009533,57.19955926941282,5.764205343439244e-05,Gauss,low
447,0.09164045659929189,0.10664843767881393,0.015007981079522045,16.377025646157694,2.0906834834022447e-05,Gauss,high
448,0.17903275462581425,0.17951440811157227,0.0004816534857580157,0.2690309305493797,3.1669669624534436e-06,Gauss,high
449,0.020456158666247625,0.04940430074930191,0.028948142083054285,141.51308931142734,0.00022104772506281734,Gauss,low
450,0.006762646827162589,0.02084028348326683,0.014077636656104241,208.16755651885506,0.0003562356869224459,Gauss,low
451,0.07075160106107387,0.09427359700202942,0.023521995940955553,33.245885023366476,4.024923691758886e-05,Gauss,high
452,0.36309335136939525,0.3357049524784088,0.027388398890986432,7.543073644199747,9.269505426345859e-06,Gauss,high
453,0.020061255795522922,0.04732975736260414,0.02726850156708122,135.92619447665254,0.0002079746627714485,Gauss,low
454,0.16276088182290477,0.15280312299728394,0.009957758825620833,6.118029537622911,1.0376604222983588e-05,Gauss,high
455,0.06203245190313675,0.07906506955623627,0.01703261765309952,27.457592164333334,3.2669860956957564e-05,Gauss,high
456,0.02797837186099321,0.053570155054330826,0.025591783193337617,91.46988009340559,0.00012445008906070143,Gauss,low
457,0.049826175745102015,0.0808807909488678,0.031054615203765783,62.32590548918155,9.659698116593063e-05,Gauss,low
458,0.02507593209744663,0.046215858310461044,0.021139926213014415,84.30365073116064,9.303873230237514e-05,Gauss,low
459,0.48288171046834577,0.4394921064376831,0.043389604030662665,8.985555486990632,8.795624125923496e-06,Gauss,high
460,0.3057203715794277,0.29642680287361145,0.009293568705816269,3.0398918651718803,4.519834874372464e-06,Gauss,high
461,0.21862085169686302,0.21329408884048462,0.0053267628563783975,2.436530099957904,3.1092802146304166e-06,Gauss,high
462,0.33208600665514193,0.2981019914150238,0.033984015240118126,10.233498117675632,1.6355385014321655e-05,Gauss,high
463,0.007348495895736084,0.017647361382842064,0.01029886548710598,140.149299029776,0.0002025200374191627,Gauss,low
464,0.187413232637061,0.18347419798374176,0.00393903465331924,2.1017911050856584,1.2799321666534524e-05,Gauss,high
465,0.321761965654149,0.2727397382259369,0.049022227428212106,15.235556921262855,3.4542681532911956e-05,Gauss,high
466,0.037917943589821104,0.07006348669528961,0.03214554310546851,84.77659931457315,0.00014035688946023583,Gauss,low
467,0.4003497497908773,0.3006814122200012,0.09966833757087606,24.89531656331441,0.00010471771383890882,Gauss,high
468,0.32692150020584587,0.30734574794769287,0.019575752258153,5.987906040388027,1.7218942957697436e-05,Gauss,high
469,0.048641574903026175,0.0704192966222763,0.02177772171925013,44.77182690459156,5.321741264197044e-05,Gauss,low
470,0.016097314076586915,0.04294469580054283,0.026847381723955916,166.7817475401357,0.00023062920081429183,Gauss,low
471,0.04203648185978595,0.07421527057886124,0.032178788719075285,76.54967136976086,0.00014068222662899643,Gauss,low
472,0.022575816914801386,0.0451650470495224,0.022589230134721014,100.05941410656479,0.00012240521027706563,Gauss,low
473,0.010143803016576145,0.02922844886779785,0.01908464585122171,188.14093511117275,0.000221470050746575,Gauss,low
474,0.014769227621673455,0.040393419563770294,0.02562419194209684,173.4971699162792,0.00023183644225355238,Gauss,low
475,0.30713084329255796,0.2723541259765625,0.034776717315995465,11.323095050687842,2.1994532289681956e-05,Gauss,high
476,0.42966355182347804,0.37726151943206787,0.05240203239141017,12.196061818373389,3.116908555966802e-05,Gauss,high
477,0.4675307728202296,0.4212627410888672,0.0462680317313624,9.896253770049258,1.2692308700934518e-05,Gauss,high
478,0.03635157856341216,0.07155060023069382,0.03519902166728166,96.82941720365741,0.00017924071289598942,Gauss,low
479,0.10959192854644,0.12866102159023285,0.019069093043792854,17.40008894515644,2.179899274779018e-05,Gauss,high
480,0.007183738169503941,0.016496222466230392,0.009312484296726452,129.63284681308906,0.00018941366579383612,Gauss,low
481,0.08128133002739905,0.09399362653493881,0.012712296507539758,15.639872653725744,1.5041847291286103e-05,Gauss,high
482,0.022650584467922164,0.04702073708176613,0.024370152613843964,107.59171644492025,0.00013490534911397845,Gauss,low
483,0.28208761444079605,0.261506587266922,0.020581027173874056,7.295969805222893,1.3502030924428254e-05,Gauss,high
484,0.041055226398432794,0.0718669667840004,0.030811740385567603,75.0494957366592,0.00011837497731903568,Gauss,low
485,0.2638141641209902,0.2610365152359009,0.002777648885089301,1.0528808770917313,2.7096541543869535e-06,Gauss,high
486,0.4580323131108896,0.405411958694458,0.05262035441643159,11.488349819479266,3.2043310056906193e-05,Gauss,high
487,0.19667611401342194,0.20220638811588287,0.00553027410246093,2.8118687061731973,4.6358254621736705e-06,Gauss,high
488,0.013526762159567739,0.03595290333032608,0.02242614117075834,165.7909032938522,0.00019554454775061458,Gauss,low
489,0.15163437389373638,0.13086900115013123,0.020765372743605154,13.694370353095062,2.1896417820244096e-05,Gauss,high
490,0.04095879368798928,0.07723088562488556,0.03627209193689628,88.55752006078411,0.00015627493849024177,Gauss,low
491,0.1839880572467018,0.18964393436908722,0.005655877122385411,3.074045787005449,6.739588570781052e-06,Gauss,high
492,0.03821910584873696,0.06904532760381699,0.030826221755080027,80.6565749525476,0.00013152160681784153,Gauss,low
493,0.4358445158721936,0.2885431945323944,0.14730132133979917,33.79675915963426,0.0001885749225039035,Gauss,high
494,0.03044817512299497,0.046651214361190796,0.016203039238195827,53.215140719415466,5.400874943006784e-05,Gauss,low
495,0.009276821271444483,0.027555150911211967,0.018278329639767485,197.0322495705621,0.00024549735826440156,Gauss,low
496,0.38215189247310777,0.3199273645877838,0.062224527885323955,16.28266904100252,2.7829963073600084e-05,Gauss,high
497,0.07979775445853896,0.09003164619207382,0.010233891733534867,12.824786615834105,1.1394842658773996e-05,Gauss,high
498,0.01424237974972654,0.03765389323234558,0.02341151348261904,164.37922519983746,0.00019805962801910937,Gauss,low
499,0.02781320368622797,0.05877429246902466,0.03096108878279669,111.31795219307092,0.00017850700533017516,Gauss,low
500,0.1980687434997792,0.19950607419013977,0.001437330690360561,0.7256726452461002,3.4838953979487997e-06,Gauss,high
501,0.03663061782839607,0.06567878276109695,0.029048164932700883,79.30023203207546,0.00012748749577440321,Gauss,low
502,0.011198526880080887,0.03644394129514694,0.025245414415066055,225.43513700869653,0.00030797728686593473,Gauss,low
503,0.04619274209716803,0.08084908127784729,0.03465633918067926,75.02550748725514,0.00015954652917571366,Gauss,low
504,0.49052050660344854,0.4397773742675781,0.05074313233587041,10.344752493068079,1.6953519661910832e-05,Gauss,high
505,0.007169201229216966,0.019957663491368294,0.012788462262151329,178.38057341777406,0.00026889939908869565,Gauss,low
506,0.01256737901326508,0.036834586411714554,0.024267207398449474,193.09680541053967,0.0002512191713321954,Gauss,low
507,0.01573818783010282,0.03425430506467819,0.01851611723457537,117.65088480618549,0.0001275844406336546,Gauss,low
508,0.005811718936102748,0.019794130697846413,0.013982411761743665,240.58995136334076,0.00048796573537401855,Gauss,low
509,0.019451398641500684,0.04080949351191521,0.021358094870414523,109.80236056057065,0.00012825978046748787,Gauss,low
510,0.027806542006727,0.05498987063765526,0.027183328630928257,97.75875268615574,0.0001621886040084064,Gauss,low
511,0.13427040494604411,0.13984408974647522,0.005573684800431106,4.1510895887078485,5.1095585149596445e-06,Gauss,high
512,0.15588809360163558,0.1925792694091797,0.03669117580754411,23.536868634308032,7.883536454755813e-05,Gauss,high
513,0.14830237253418416,0.13962627947330475,0.008676093060879408,5.850272596872678,6.846000815130537e-06,Gauss,high
514,0.03848172931490459,0.058462854474782944,0.019981125159878356,51.923667453633236,6.865678733447567e-05,Gauss,low
515,0.17621727894899836,0.18682776391506195,0.010610484966063594,6.021251167505844,5.981264621368609e-06,Gauss,high
516,0.26932158010776514,0.20206721127033234,0.0672543688374328,24.97177122253699,8.533774234820157e-05,Gauss,high
517,0.4576065941918248,0.4089561998844147,0.04865039430741014,10.631488908793195,1.408586285833735e-05,Gauss,high
518,0.009611213221250888,0.02758186124265194,0.017970648021401053,186.9758542206412,0.0002308582334080711,Gauss,low
519,0.28716882707690483,0.28142234683036804,0.005746480246536789,2.001080794538281,9.066430720849894e-06,Gauss,high
520,0.1488739706656169,0.1532657891511917,0.004391818485574822,2.9500244172563956,4.930810064252e-06,Gauss,high
521,0.17250559898260412,0.17624515295028687,0.003739553967682746,2.1677870108203567,3.334733492010855e-06,Gauss,high
522,0.017725358009573183,0.04004460945725441,0.022319251447681227,125.9170699718841,0.00014025010750629008,Gauss,low
523,0.0813493411574982,0.0996929332613945,0.0183435921038963,22.549158779764152,2.050576949841343e-05,Gauss,high
524,0.48697772221583396,0.4256722033023834,0.06130551891345054,12.58897812296211,2.3781594791216776e-05,Gauss,high
525,0.04041180233166684,0.0729883536696434,0.03257655133797656,80.61147847506284,0.00014149944763630629,Gauss,low
526,0.2982910945946596,0.19138620793819427,0.1069048866564653,35.83911440659525,0.0001802827464416623,Gauss,high
527,0.017397441254181495,0.04516931250691414,0.027771871252732644,159.6319300463661,0.00022668487508781254,Gauss,low
528,0.03588166873827347,0.05939437076449394,0.023512702026220474,65.52845186138309,7.709888450335711e-05,Gauss,low
529,0.2647625007641098,0.22373031079769135,0.04103218996641844,15.497734704876533,3.1487994419876486e-05,Gauss,high
530,0.1918019669043956,0.19652992486953735,0.004727957965141749,2.465020584224987,2.4195023797801696e-06,Gauss,high
531,0.02265728195777348,0.04457191005349159,0.021914628095718112,96.72222880291001,0.00011793142766691744,Gauss,low
532,0.014400819810815025,0.04106075316667557,0.026659933355860543,185.12788650989796,0.0002423948171781376,Gauss,low
533,0.015777804661300483,0.035154931247234344,0.019377126585933862,122.81256487768373,0.00014178320998325944,Gauss,low
534,0.4474349658288356,0.33217281103134155,0.11526215479749402,25.760649837453048,0.00010272798681398854,Gauss,high
535,0.0393207684553942,0.06960748881101608,0.030286720355621882,77.02474174679314,0.00010967942216666415,Gauss,low
536,0.4960870506756739,0.451114296913147,0.04497275376252691,9.065496408598797,2.2049780454835854e-05,Gauss,high
537,0.013753479362598381,0.03618073835968971,0.02242725899709133,163.06607517862486,0.00017995898087974638,Gauss,low
538,0.053216300842877796,0.07833980023860931,0.025123499395731518,47.210157410055906,7.130525045795366e-05,Gauss,high
539,0.3400359297986938,0.25087982416152954,0.08915610563716425,26.21961323026833,8.607267227489501e-05,Gauss,high
540,0.4650071320241135,0.38095325231552124,0.08405387970859224,18.075825921791136,4.0872528188629076e-05,Gauss,high
541,0.07730725305115102,0.09590435773134232,0.018597104680191295,24.056092987661014,3.216589175281115e-05,Gauss,high
542,0.06503418790837513,0.09067973494529724,0.02564554703692211,39.433946762052926,6.574078724952415e-05,Gauss,high
543,0.0071687751538675485,0.020905178040266037,0.013736402886398488,191.61436356373528,0.00028205529088154435,Gauss,low
544,0.1726174323346426,0.17078004777431488,0.0018373845603277261,1.0644258435994483,5.2780742407776415e-06,Gauss,high
545,0.01849238407868855,0.04586826637387276,0.027375882295184208,148.0386854323094,0.00022197591897565871,Gauss,low
546,0.036560410896888954,0.07162035256624222,0.035059941669353265,95.8959180416012,0.00019226683070883155,Gauss,low
547,0.27149376094367883,0.25593698024749756,0.015556780696181272,5.730069318023302,1.580306707182899e-05,Gauss,high
548,0.014189519071375237,0.02998681738972664,0.015797298318351402,111.33075221851294,0.0001117169886128977,Gauss,low
549,0.49151965982795787,0.4461841583251953,0.045335501502762554,9.223537776419956,1.3662437595485244e-05,Gauss,high
550,0.3372707664917284,0.33284133672714233,0.004429429764586046,1.3133156515937405,1.6314170352416113e-06,Gauss,high
551,0.41582735689765743,0.33980220556259155,0.07602515133506588,18.282864288262072,4.7725414333399385e-05,Gauss,high
552,0.03374197946604139,0.06181853264570236,0.02807655317966097,83.20956157275177,0.00011836177145596594,Gauss,low
553,0.29535236606194765,0.24399171769618988,0.051360648365757766,17.38961805201361,4.946585977450013e-05,Gauss,high
554,0.010499010189313382,0.029085692018270493,0.018586681828957112,177.03270588189275,0.00020342979405540973,Gauss,low
555,0.19635238598774862,0.20516365766525269,0.008811271677504062,4.487478791347022,4.127386091568042e-06,Gauss,high
556,0.03418355832116798,0.061554912477731705,0.027371354156563728,80.07169382250697,0.00012942793546244502,Gauss,low
557,0.3001527230969312,0.2753832936286926,0.02476942946823857,8.252275445870115,9.514052180747967e-06,Gauss,high
558,0.02322658900862559,0.04730779677629471,0.02408120776766912,103.6794845714373,0.00013823552581015974,Gauss,low
559,0.3767174880991089,0.28880298137664795,0.08791450672246093,23.33698580495204,7.516166806453839e-05,Gauss,high
560,0.3408743671133733,0.32710105180740356,0.013773315305969758,4.0405840493687855,3.9076944631233346e-06,Gauss,high
561,0.4438246096915531,0.4165084958076477,0.02731611388390537,6.154709154791885,2.5212155378540047e-05,Gauss,high
562,0.4166785249298654,0.38219860196113586,0.03447992296872954,8.27494600892454,1.051312756317202e-05,Gauss,high
563,0.006148546958687873,0.017346838489174843,0.01119829153048697,182.1290722137826,0.00036413490306586027,Gauss,low
564,0.03343751662486665,0.05320417508482933,0.01976665845996268,59.11521086246789,6.406820466509089e-05,Gauss,low
565,0.016766001793081513,0.03552662208676338,0.01876062029368187,111.89680476727276,0.00012159760808572173,Gauss,low
566,0.32750271566943834,0.31724512577056885,0.01025758989886949,3.132062547298963,1.0944390851364005e-05,Gauss,high
567,0.021551463902526546,0.04015984758734703,0.018608383684820484,86.34394289400899,9.15965938474983e-05,Gauss,low
568,0.021336852318623176,0.04298929497599602,0.02165244265737284,101.47908573409497,0.00011484890274005011,Gauss,low
569,0.20186677314971208,0.15681485831737518,0.04505191483233689,22.317647490666868,7.126409764168784e-05,Gauss,high
570,0.011672703923002722,0.027309054508805275,0.015636350585802553,133.95654245105027,0.00013468401448335499,Gauss,low
571,0.0393102958819973,0.0736420750617981,0.0343317791798008,87.33533647993609,0.00015472093946300447,Gauss,low
572,0.4216909423316974,0.3662731349468231,0.055417807384874285,13.141806432561044,3.740630199899897e-05,Gauss,high
573,0.17303404815255852,0.17064927518367767,0.002384772968880844,1.3782102391653386,4.7173698476399295e-06,Gauss,high
574,0.2442634250499972,0.2553331255912781,0.011069700541280869,4.53186986099743,4.772834927280201e-06,Gauss,high
575,0.005987602815613543,0.016930412501096725,0.010942809685483182,182.75777506397418,0.0003910139203071594,Gauss,low
576,0.04345547486659052,0.061864595860242844,0.01840912099365232,42.36317989889379,6.615323218284175e-05,Gauss,low
577,0.03579979982570062,0.061691269278526306,0.025891469452825687,72.32294476193759,0.00010965832916554064,Gauss,low
578,0.016270454521235437,0.04020271077752113,0.023932256256285696,147.09027473725723,0.00018222998187411577,Gauss,low
579,0.21962913083102364,0.1890690177679062,0.030560113063117456,13.914416975328074,2.5682367777335458e-05,Gauss,high
580,0.029133954232872895,0.055337417870759964,0.02620346363788707,89.94132217150515,0.00012804183643311262,Gauss,low
581,0.08926849424906658,0.10077347606420517,0.011504981815138593,12.888065282067748,9.275353477278259e-06,Gauss,high
582,0.11232324487356074,0.13434310257434845,0.02201985770078771,19.60400781296416,4.465322126634419e-05,Gauss,high
583,0.03820982516451558,0.06000995263457298,0.021800127470057405,57.05372211517626,7.28556769900024e-05,Gauss,low
584,0.4846641288224649,0.3972621560096741,0.08740197281279083,18.033513853220743,3.898797513102181e-05,Gauss,high
585,0.021410821742622464,0.052659306675195694,0.03124848493257323,145.94715377208973,0.00024245952954515815,Gauss,low
586,0.06142821939549006,0.087506003677845,0.026077784282354945,42.452450256550215,6.799601396778598e-05,Gauss,high
587,0.021035090179235813,0.046279117465019226,0.025244027285783413,120.00912318741723,0.00016618685913272202,Gauss,low
588,0.3545015829183581,0.3414580225944519,0.01304356032390619,3.679408203632797,3.241748345317319e-06,Gauss,high
589,0.016360956130352943,0.0400494746863842,0.023688518556031258,144.7868838917316,0.00018988798547070473,Gauss,low
590,0.04645257550650036,0.07773498445749283,0.03128240895099247,67.342679302281,0.00011261429608566687,Gauss,low
591,0.20457033762030408,0.20063957571983337,0.003930761900470703,1.9214720698004877,2.349477426832891e-06,Gauss,high
592,0.12227835827330637,0.13218975067138672,0.009911392398080351,8.105598192549524,1.4333531908050645e-05,Gauss,high
593,0.01182834660328725,0.03234722092747688,0.020518874324189633,173.4720414642497,0.00018762082618195564,Gauss,low
594,0.35603600327751306,0.281338095664978,0.07469790761253503,20.980436507796536,6.416234828066081e-05,Gauss,high
595,0.018457362655468722,0.036588914692401886,0.018131552036933164,98.23479321169958,0.00010903117072302848,Gauss,low
596,0.05815865427209919,0.08437423408031464,0.02621557980821545,45.075973879251215,6.121243495726958e-05,Gauss,high
597,0.04761573359738427,0.0706019178032875,0.02298618420590324,48.274346459225754,6.501199095509946e-05,Gauss,low
598,0.03265607041844073,0.05332440137863159,0.020668330960190863,63.290930890813954,7.025492959655821e-05,Gauss,low
599,0.0419924719226109,0.06211806833744049,0.02012559641482959,47.92667707659509,5.143422094988637e-05,Gauss,low
600,0.0481006667905439,0.07891632616519928,0.03081565937465538,64.06493179989226,0.00010418690362712368,Gauss,low
601,0.48210857199616153,0.4303729832172394,0.05173558877892215,10.73110742767172,1.7674563423497602e-05,Gauss,high
602,0.2201103184172068,0.19660161435604095,0.02350870406116584,10.680418905490113,4.7669112973380834e-05,Gauss,high
603,0.19681662036065656,0.1928296536207199,0.003986966739936648,2.0257266549088855,1.0065955393656623e-05,Gauss,high
604,0.42094053928926,0.38179436326026917,0.03914617602899084,9.299692563488296,1.5967645595083013e-05,Gauss,high
605,0.04543330524467568,0.07573273032903671,0.03029942508436103,66.68989834921115,0.00011215642734896392,Gauss,low
606,0.030035646083396133,0.056758981198072433,0.0267233351146763,88.97206685841562,0.00012319990491960198,Gauss,low
607,0.035732343233133484,0.06503334641456604,0.029301003181432556,82.00134816309122,0.00012528084334917367,Gauss,low
