epoch,loss_data,loss_phys,loss_ic,loss_val,loss_total
50,0.0,0.2740395665168762,0.0043132612481713295,0.09967607259750366,0.31717216968536377
100,0.0,0.22153118252754211,0.0014318734174594283,0.08401990681886673,0.23584991693496704
150,0.0,0.1774989515542984,0.0008220105664804578,0.07024654746055603,0.1857190579175949
200,0.0,0.09550758451223373,0.00010336990817449987,0.046859435737133026,0.09654128551483154
250,0.0,0.08204284310340881,5.238501034909859e-05,0.04043640196323395,0.08256669342517853
300,0.0,0.08114369958639145,2.9332984922803007e-05,0.03927654027938843,0.08143702894449234
350,0.0,0.06996232271194458,6.485445919679478e-05,0.0346984900534153,0.07061086595058441
400,0.0,0.06343729048967361,4.37118906120304e-05,0.03112824633717537,0.06387440860271454
450,0.0,0.126571923494339,0.0003163892251905054,0.052503861486911774,0.1297358125448227
500,0.0,0.06243571639060974,6.852225487818941e-05,0.03099362924695015,0.06312093883752823
550,0.0,0.05774905905127525,3.781772466027178e-05,0.027810227125883102,0.05812723562121391
600,0.0,0.05300720036029816,3.0121858799248002e-05,0.025194883346557617,0.05330841988325119
650,0.0,0.0440509133040905,2.199234404542949e-05,0.020548904314637184,0.0442708358168602
700,0.0,0.04636241868138313,0.000487065757624805,0.02144697494804859,0.05123307555913925
750,0.0,0.03521803766489029,1.7727970771375112e-05,0.014887558296322823,0.035395316779613495
800,0.0,0.033767957240343094,1.150849220721284e-05,0.01336799468845129,0.03388304263353348
850,0.0,0.032605454325675964,1.0897289030253887e-05,0.012639149092137814,0.03271442651748657
900,0.0,0.035352613776922226,0.00019882740161847323,0.015301190316677094,0.037340886890888214
950,0.0,0.0315544493496418,8.933411663747393e-06,0.012071482837200165,0.03164378181099892
1000,0.0,0.030056146904826164,1.0144975931325462e-05,0.011134546250104904,0.03015759587287903
1050,0.0,0.028683045879006386,8.93605738383485e-06,0.01025304477661848,0.02877240628004074
1100,0.0,0.02708941511809826,8.063252607826144e-06,0.009303182363510132,0.027170047163963318
1150,0.0,0.024576304480433464,6.9394404818012845e-06,0.007997424341738224,0.024645699188113213
1200,0.0,0.018282504752278328,3.759801757041714e-06,0.005444337613880634,0.018320102244615555
1250,0.0,0.044411905109882355,0.00012703171523753554,0.020808469504117966,0.04568222165107727
1300,0.0,0.029252463951706886,6.310162007139297e-06,0.011944416910409927,0.029315564781427383
1350,0.0,0.027255000546574593,2.2537531549460255e-05,0.0102604441344738,0.02748037502169609
1400,0.0,0.024800797924399376,8.929890100262128e-06,0.008197534829378128,0.024890096858143806
1450,0.0,0.0232892744243145,5.98991391598247e-06,0.00725694140419364,0.023349173367023468
1500,0.0,0.020753584802150726,5.143237558513647e-06,0.0060931914485991,0.02080501802265644
1550,0.0,0.014230092987418175,3.4348067856626585e-06,0.003966997843235731,0.014264441095292568
1600,0.0,0.024698155000805855,0.0010325907496735454,0.00835995189845562,0.03502406179904938
1650,0.0,0.0121688824146986,1.5879572856647428e-06,0.0027834903448820114,0.01218476239591837
1700,0.0,0.011019016616046429,1.315924578193517e-06,0.0018791157053783536,0.011032176204025745
1750,0.0,0.010410652495920658,1.1890643918377464e-06,0.0016397604485973716,0.010422542691230774
1800,0.0,0.009857773780822754,1.0197068149864208e-06,0.0014346528332680464,0.009867970831692219
1850,0.0,0.009235907346010208,8.774387083576585e-07,0.0012521697208285332,0.00924468133598566
1900,0.0,0.008546690456569195,7.598049478474422e-07,0.0011011083843186498,0.008554288186132908
1950,0.0,0.0080577302724123,6.395793548108486e-07,0.0010251710191369057,0.008064125664532185
2000,0.0,0.009138897992670536,5.7480378018226475e-05,0.0015439153648912907,0.009713701903820038
2050,0.0,0.007974698208272457,4.404171605187912e-08,0.0010925813112407923,0.00797513872385025
2100,0.0,0.00739104812964797,6.521192403852183e-07,0.0010341317392885685,0.007397569250315428
2150,0.0,0.006507940124720335,6.329311190711451e-07,0.0009220290812663734,0.006514269392937422
2200,0.0,0.005251303315162659,4.930273007630603e-07,0.0007275876123458147,0.005256233736872673
2250,0.0,0.030004113912582397,0.0012514208210632205,0.005355390720069408,0.04251832142472267
2300,0.0,0.004962071776390076,4.198708666081075e-06,0.0007892855792306364,0.005004059057682753
2350,0.0,0.003654944011941552,9.361658470652401e-08,0.0004533556057140231,0.0036558802239596844
2400,0.0,0.003267269115895033,1.415534285342801e-07,0.0003056993300560862,0.0032686847262084484
2450,0.0,0.0030889094341546297,1.1587634674015135e-07,0.00025597147759981453,0.003090068232268095
2500,0.0,0.0029511728789657354,1.0347802259502714e-07,0.00023598760890308768,0.0029522075783461332
2550,0.0,0.0028180424124002457,9.450064197835673e-08,0.00022266796440817416,0.0028189874719828367
2600,0.0,0.0026823312509804964,8.663047168511184e-08,0.00021059032587800175,0.0026831976138055325
2650,0.0,0.023128628730773926,0.002072821604087949,0.00102380255702883,0.043856844305992126
2700,0.0,0.0027938191778957844,1.2979244274902157e-05,0.00029612163780257106,0.0029236115515232086
2750,0.0,0.002577506937086582,1.0359042335039703e-07,0.00021174577705096453,0.0025785428006201982
2800,0.0,0.0024477785918861628,8.585591615428712e-08,0.0001980242523131892,0.0024486370384693146
2850,0.0,0.002325073117390275,7.269957080779932e-08,0.00019024458015337586,0.0023258000146597624
2900,0.0,0.013374370522797108,0.0001254783128388226,0.000685257778968662,0.014629153534770012
2950,0.0,0.0021565479692071676,2.775534767351928e-06,0.000202793104108423,0.002184303244575858
3000,0.0,0.0019181749084964395,1.4395213909779159e-08,0.00016435954603366554,0.0019183189142495394
3050,0.0,0.001775753335095942,5.73925298397171e-08,0.00015812045603524894,0.0017763272626325488
3100,0.0,0.001614530454389751,4.992465107989119e-08,0.00014908523007761687,0.0016150296432897449
3150,0.0,0.0014304440701380372,4.4545334532131164e-08,0.00013792836398351938,0.001430889475159347
3200,0.0,0.0012260882649570704,3.8544101244042395e-08,0.00012461523874662817,0.0012264737160876393
3250,0.0,0.0010085792746394873,3.20393134245478e-08,0.00010939541243715212,0.001008899649605155
3300,0.0,0.0007898155017755926,2.5333740438782115e-08,9.299140219809487e-05,0.000790068821515888
3350,0.0,0.0005847909487783909,1.8892912123646965e-08,7.65915829106234e-05,0.000584979890845716
3400,0.0,0.03878352418541908,0.000800678797531873,0.0006348580936901271,0.046790312975645065
3450,0.0,0.000646369531750679,1.0596359061310068e-06,8.346638787770644e-05,0.0006569658871740103
3500,0.0,0.00044386397348716855,3.125009806481671e-09,6.50971123832278e-05,0.0004438952310010791
3550,0.0,0.0002936880337074399,1.009478101110517e-08,5.441590110422112e-05,0.0002937889948952943
3600,0.0,0.00018605907098390162,5.607906583549038e-09,4.562273534247652e-05,0.00018611515406519175
3650,0.0,0.00011533062934176996,3.1274192124897127e-09,3.9269412809517235e-05,0.00011536190140759572
3700,0.0,7.235215161927044e-05,1.7233698912377804e-09,3.4996912290807813e-05,7.236938836285844e-05
3750,0.0,4.7792877012398094e-05,8.960644448663402e-10,3.224021565984003e-05,4.780183735419996e-05
3800,0.0,3.4325024898862466e-05,3.1296587543749865e-10,3.043657125090249e-05,3.4328153560636565e-05
3850,0.0,0.0007319177966564894,1.4936108527763281e-05,5.8055040426552296e-05,0.0008812788873910904
3900,0.0,0.00010965440014842898,4.786769380871192e-08,3.555709554348141e-05,0.00011013307812390849
3950,0.0,6.26162436674349e-05,1.988940567798636e-09,3.165907764923759e-05,6.263613613555208e-05
