run,zeta_true,zeta_pred,omega_0_true,omega_0_pred,abs_error_zeta,rel_error_zeta_pct,abs_error_omega_0,rel_error_omega_0_pct,best_val_loss,damped_case
1,1.0,0.9682941436767578,2.195791192095637,2.1751718521118164,0.03170585632324219,3.1705856323242188,0.020619339983820595,0.9390391972627298,5.1756983339146245e-06,critically_damped
2,0.9412559697933223,0.9272913932800293,1.591249200910941,1.5889108180999756,0.01396457651329297,1.4836109370290915,0.0023383828109653226,0.1469526463627866,4.058368631376652e-06,underdamped
3,1.8761122398929615,1.6704576015472412,0.5211786722721677,0.4593283534049988,0.2056546383457203,10.961744930434095,0.06185031886716896,11.867392538823951,8.216651622205973e-06,overdamped
4,0.7109636404426565,0.7059757113456726,3.9092234098429435,3.000812530517578,0.0049879290969838674,0.7015730219168885,0.9084108793253654,23.237630191155066,7.197167724370956e-05,underdamped
5,1.4019706739511377,1.328933596611023,1.4960077764081776,1.4301718473434448,0.07303707734011478,5.209600935109168,0.06583592906473279,4.400774521560362,1.060855902323965e-05,overdamped
6,0.8857050242111864,0.7949961423873901,3.9693839739126986,2.950096368789673,0.09070888182379622,10.241432457107493,1.0192876051230257,25.678735335808145,7.193149940576404e-05,underdamped
7,1.8309807446731232,1.6576396226882935,0.3980633052889766,0.378389835357666,0.17334112198482976,9.46711878260498,0.019673469931310583,4.942296782927153,2.0274849248380633e-06,overdamped
8,1.1042437553420554,0.8952853083610535,3.591291150906078,2.3280999660491943,0.20895844698100197,18.923217448150666,1.2631911848568835,35.17373367342222,5.098437759443186e-05,overdamped
9,0.2897621708449739,0.30152764916419983,0.7077978447786131,0.700807511806488,0.01176547831922592,4.060391418561184,0.006990332972125035,0.987617159856073,2.3694097762927413e-05,underdamped
10,1.158436373461796,1.1235228776931763,1.7234546713690706,1.7107242345809937,0.034913495768619685,3.013846644359626,0.012730436788076949,0.7386580569574365,1.38971590786241e-05,overdamped
11,1.0,1.0459593534469604,0.4141092131002158,0.42707979679107666,0.04595935344696045,4.595935344696045,0.012970583690860849,3.132164965313613,2.9838258797099115e-06,critically_damped
12,0.52757013716155,0.5355794429779053,3.1641070964522804,3.2755777835845947,0.008009305816355283,1.5181499581168887,0.11147068713231434,3.5229745307072444,2.4471417418681085e-05,underdamped
13,0.6896612185261433,0.6855785846710205,3.6321185582595144,3.7586398124694824,0.0040826338551227526,0.5919767192140571,0.12652125420996807,3.4834010008361664,3.4587130357977e-05,underdamped
14,0.40844063525822355,0.44972994923591614,3.534897554751696,3.081249952316284,0.04128931397769259,10.109012280717058,0.4536476024354119,12.833401687288154,0.00010028378892457113,underdamped
15,1.4382900686937183,1.3065084218978882,2.4959808332306097,2.313988208770752,0.13178164679583015,9.162383142610217,0.18199262445985775,7.291427163096449,2.9149585316190496e-05,overdamped
16,0.8693637410805305,0.8797038793563843,1.0251351922961442,1.0216760635375977,0.010340138275853783,1.1893914810620057,0.0034591287585465924,0.337431470945669,2.5801159608818125e-06,underdamped
17,0.7132195606230263,0.6833844780921936,3.6436405405698795,2.8106980323791504,0.02983508253083267,4.183155395341444,0.8329425081907291,22.86017237201049,4.045074820169248e-05,underdamped
18,0.6459253488676673,0.6410714983940125,0.5329565328330264,0.525572657585144,0.0048538504736548305,0.7514568799883489,0.00738387524788231,1.385455434542099,9.912469067785423e-06,underdamped
19,0.5671229554972448,0.5765863060951233,2.5465724023522656,2.604884386062622,0.009463350597878506,1.6686594161192405,0.05831198371035651,2.289822337526858,1.189670820167521e-05,underdamped
20,0.1128165766239906,0.1150502860546112,1.418156253981225,1.426430344581604,0.002233709430620609,1.9799478919355968,0.008274090600379091,0.5834399825231552,4.803813135367818e-05,underdamped
21,1.851557240249302,1.24537992477417,3.7842117167201392,2.4974963665008545,0.606177315475132,32.73878345740548,1.2867153502192847,34.00220300925736,8.712118142284453e-05,overdamped
22,1.8740982010342506,1.5459836721420288,2.505070047542476,2.0979347229003906,0.3281145288922218,17.507862112622842,0.40713532464208546,16.25245270252995,7.169786840677261e-05,overdamped
23,0.3707194800088717,0.3781649172306061,1.6454313125933118,1.6651521921157837,0.007445437221734352,2.0083749636129653,0.019720879522471924,1.1985234127695354,6.49179273750633e-05,underdamped
24,0.12704606030500262,0.1367221474647522,3.885564042105883,3.882688045501709,0.009676087159749575,7.616204025941419,0.002875996604173814,0.07401748042261305,0.00010136465425603092,underdamped
25,1.950750477698553,1.5497907400131226,3.063062847904738,2.466320276260376,0.40095973768543036,20.55412736120269,0.596742571644362,19.481891207441553,7.804040797054768e-05,overdamped
26,1.4549892043781338,1.0303928852081299,3.7330212080136196,2.470547914505005,0.42459631917000396,29.182094127734615,1.2624732935086147,33.81907637702359,0.00011616194387897849,overdamped
27,0.584035710012435,0.5650357604026794,1.3808993984643574,1.4061970710754395,0.018999949609755595,3.2532171036855018,0.025297672611082067,1.8319707169989783,7.405816631944617e-06,underdamped
28,0.9042744038490269,0.9071314930915833,1.0522981006256968,1.0567841529846191,0.0028570892425563432,0.3159537890705738,0.004486052358922299,0.42631003099358356,4.729949978354853e-06,underdamped
29,1.7235756036821381,1.5816726684570312,1.2686918275904442,1.1640383005142212,0.14190293522510689,8.233055452975455,0.104653527076223,8.248932073203752,2.323269836779218e-05,overdamped
30,1.5875653941937347,1.38083815574646,2.4266370011481233,2.141767978668213,0.2067272384472747,13.021651845230839,0.2848690224799104,11.739251579248537,5.267647793516517e-05,overdamped
31,0.5389980218218218,0.528495192527771,0.8404974267804615,0.8539643883705139,0.010502829294050775,1.948584014937763,0.01346696159005245,1.6022608946749377,2.0277262592571788e-05,underdamped
32,0.8639678980064652,0.8730579018592834,0.4780898952800247,0.47750160098075867,0.009090003852818218,1.052122870976185,0.0005882942992660456,0.12305097954882992,6.594772003154503e-06,underdamped
33,1.3247542873616047,1.2088139057159424,2.2492735715234837,2.087642192840576,0.11594038164566234,8.751840454622757,0.16163137868290756,7.185936861092045,2.8050564651493914e-05,overdamped
34,0.24967605978091487,0.2556154429912567,0.7164502743485607,0.716367244720459,0.005939383210341848,2.378835686350355,8.302962810169401e-05,0.011589028725990718,3.7776062526972964e-05,underdamped
35,0.04583032665409377,0.04685584828257561,2.73568045577854,2.726991653442383,0.0010255216284818375,2.2376485252265454,0.00868880233615732,0.31761027929282026,2.196857712988276e-05,underdamped
36,1.0683831456198636,1.0103657245635986,0.5273531767381455,0.5278018712997437,0.05801742105626495,5.430394638302152,0.0004486945615981286,0.08508426257588006,1.0246578767691972e-06,overdamped
37,0.4028169540240669,0.40112337470054626,2.044162794836778,2.091465711593628,0.0016935793235206553,0.4204339729502721,0.04730291675684972,2.314048415142335,3.367892713868059e-05,underdamped
38,0.05058316189553128,0.0590786375105381,0.9776971481857764,0.9848730564117432,0.008495475615006819,16.79506637515545,0.0071759082259668094,0.733960228817532,2.9298495064722374e-05,underdamped
39,1.0494969760271198,1.0080642700195312,0.5701447950215874,0.573995053768158,0.04143270600758853,3.9478633053743906,0.003850258746570523,0.6753124434688105,3.819522135017905e-06,overdamped
40,1.354011438824325,1.2606617212295532,1.4607348352677716,1.4194661378860474,0.09334971759477173,6.894307900074049,0.04126869738172423,2.825201151183551,1.6570093066547997e-05,overdamped
41,0.0900003779621066,0.09722483903169632,0.7555968379216758,0.7621868848800659,0.007224461069589724,8.027145255580463,0.006590046958390161,0.872164443741793,1.175914439954795e-05,underdamped
42,1.4902379282753926,1.3837838172912598,0.6983730945065834,0.6545473337173462,0.10645411098413282,7.143430519670704,0.04382576078923717,6.2754079637333495,5.160993168829009e-06,overdamped
43,1.5197754098544616,1.3784079551696777,2.7888731028073073,2.54140043258667,0.14136745468478384,9.301864852407476,0.24747267022063735,8.873572267290646,4.9166465032612905e-05,overdamped
44,0.6221021533901351,0.6237773299217224,0.4201369282975218,0.41733431816101074,0.0016751765315873302,0.2692767614544467,0.0028026101365110634,0.6670706495303319,1.2582342606037855e-05,underdamped
45,1.4431866378970941,1.3861773014068604,0.8629352416856448,0.841341495513916,0.057009336490233764,3.9502400447182353,0.021593746171728823,2.5023599835310844,2.961790187328006e-06,overdamped
46,0.7223817257055323,0.7140034437179565,3.598850575627955,2.397334337234497,0.00837828198757573,1.1598136676828128,1.2015162383934581,33.38611073575369,7.144116534618661e-05,underdamped
47,1.3299827077297999,1.0349763631820679,3.538472066013794,2.3994452953338623,0.295006344547732,22.18121655516033,1.1390267706799317,32.18979122712372,1.7485630451119505e-05,overdamped
48,0.9666920386924037,0.9161390066146851,2.808683976759773,2.7415101528167725,0.05055303207771866,5.229486750102881,0.06717382394300042,2.391647636360116,5.1518072723411024e-05,underdamped
49,0.6916474550983541,0.6906419992446899,0.6643976630444293,0.6809021234512329,0.0010054558536641833,0.14537114916749094,0.016504460406803645,2.484123789836384,2.6657971829990856e-05,underdamped
50,1.250832154251179,1.2369725704193115,1.057083038459122,1.058435082435608,0.013859583831867583,1.108029065671464,0.001352043976485806,0.1279032892682338,4.966742380929645e-06,overdamped
51,0.8497411635419564,0.8498682379722595,1.0455816833760794,1.0645040273666382,0.00012707443030313126,0.014954486819662808,0.01892234399055881,1.8097432550138446,6.76773015584331e-06,underdamped
52,1.9000108901255417,1.5940988063812256,2.075058161342345,1.7737765312194824,0.3059120837443161,16.10054370394178,0.3012816301228627,14.519189665891824,5.574898750637658e-05,overdamped
53,1.326389346524201,1.2496997117996216,1.8711978394970543,1.7847048044204712,0.07668963472457935,5.781834340387632,0.08649303507658312,4.6223351294500725,1.985229209822137e-05,overdamped
54,1.2361907479797847,1.1919915676116943,1.2992420349019498,1.2810492515563965,0.04419918036809034,3.5754336812762757,0.0181927833455533,1.400261295188641,1.8165692381444387e-05,overdamped
55,1.1278592631148654,1.0991424322128296,1.1502920280184123,1.1159842014312744,0.028716830902035806,2.5461360154747585,0.034307826587137935,2.98253189203088,7.3144506131939124e-06,overdamped
56,1.0,0.9579644203186035,2.0949576107704813,2.068903923034668,0.042035579681396484,4.203557968139648,0.02605368773581329,1.243637942928654,1.7200229194713756e-05,critically_damped
57,1.0,0.9656996130943298,1.369209443765318,1.3535596132278442,0.034300386905670166,3.4300386905670166,0.015649830537473708,1.1429829533191624,6.148361535451841e-06,critically_damped
58,0.34046109628296456,0.3579697608947754,2.006588517547458,2.0194103717803955,0.01750866461181083,5.1426329771490265,0.012821854232937469,0.6389877207415156,4.07172083214391e-05,underdamped
59,0.05857425300092896,0.07997001707553864,2.572198446552489,2.5572545528411865,0.021395764074609677,36.52759186578163,0.014943893711302447,0.5809774798414838,0.00017430241859983653,underdamped
60,0.0880229819635191,0.09237223118543625,3.0882470397475252,3.0883138179779053,0.004349249221917151,4.941038266256062,6.677823038003794e-05,0.0021623344739123357,4.0004117181524634e-05,underdamped
61,0.14773878353852005,0.15216772258281708,2.3216124245737313,2.328827142715454,0.004428939044297031,2.997817457419548,0.007214718141722809,0.31076324649871284,4.4731546950060874e-05,underdamped
62,1.687921625265201,1.5285875797271729,1.7136130918143926,1.5477278232574463,0.1593340455380281,9.439658995600228,0.1658852685569463,9.68043891292317,2.7879137633135542e-05,overdamped
63,1.2316840955826978,0.9967923760414124,3.304010064887193,2.30253529548645,0.2348917195412854,19.070776377132677,1.0014747694007426,30.3108873681635,2.4853789000189863e-05,overdamped
64,0.4259740571773723,0.4259189963340759,0.8240968392545795,0.8189015984535217,5.506084329637284e-05,0.012925867753830355,0.005195240801057821,0.6304162998315919,1.3422692973108497e-05,underdamped
65,1.0,0.9478897452354431,2.922454173169324,2.8834481239318848,0.052110254764556885,5.2110254764556885,0.03900604923743911,1.334701826825845,5.8890778745990247e-05,critically_damped
66,1.7086391644211223,1.4555737972259521,2.1205009113577007,1.8322917222976685,0.25306536719517014,14.810930971543504,0.28820918906003223,13.591561669053917,2.4552840841352008e-05,overdamped
67,1.7533104197838298,1.1960556507110596,3.747610050827717,2.253732442855835,0.5572547690727703,31.783006750252223,1.493877607971882,39.8621411435786,9.113787200476509e-06,overdamped
68,0.4545788751247753,0.4586690664291382,2.2798382748697925,2.3205864429473877,0.004090191304362889,0.8997759306875383,0.04074816807759518,1.7873271331021239,1.1065110811614431e-05,underdamped
69,0.8816452861050377,0.8789577484130859,1.2968595101300335,1.312668800354004,0.0026875376919517358,0.30483208318674626,0.015809290223970374,1.2190441678902604,4.569410521071404e-06,underdamped
70,1.7179998545969837,1.5875039100646973,0.6749436629730908,0.6142283082008362,0.1304959445322864,7.595806494576145,0.06071535477225465,8.99561816830856,1.0462361387908459e-05,overdamped
71,1.2343347532358142,1.1636959314346313,2.639450012517603,2.5261573791503906,0.07063882180118286,5.722825320765122,0.1132926333672124,4.292281832575787,4.2674902942962945e-05,overdamped
72,1.2223387959069485,1.118890643119812,1.957533969973561,1.81490159034729,0.10344815278713648,8.463132572862522,0.14263237962627096,7.28632972985891,1.1140568858536426e-05,overdamped
73,0.31663144890151795,0.3187169134616852,2.896476094850105,2.9081475734710693,0.0020854645601672273,0.6586410059399597,0.011671478620964404,0.40295442595628994,2.892925294872839e-05,underdamped
74,1.0206861025178626,0.9686897993087769,2.6863438735031777,2.6100547313690186,0.05199630320908577,5.094250140255614,0.07628914213415916,2.8398874353592287,2.538987791922409e-05,overdamped
75,0.26627599892021153,0.2788563072681427,3.230827406980339,3.2245097160339355,0.012580308347931168,4.724537096451117,0.0063176909464033315,0.19554405576582934,5.1773644372588024e-05,underdamped
76,0.8455620572435513,0.8376927971839905,1.9615999680350444,1.9648627042770386,0.00786926005956079,0.9306543490390049,0.0032627362419941353,0.1663303576244678,1.5983960111043416e-05,underdamped
77,1.0,0.9488558769226074,2.7416347634220997,2.6977529525756836,0.05114412307739258,5.114412307739258,0.04388181084641607,1.600570996249075,4.5511656935559586e-05,critically_damped
78,1.8250844104095827,1.5211455821990967,1.8074777298450604,1.5741409063339233,0.303938828210486,16.653412109430956,0.23333682351113705,12.909526887013929,6.580946501344442e-05,overdamped
79,1.627081390365896,1.3346288204193115,3.0682250394499717,2.53643536567688,0.29245256994658453,17.97405905311339,0.5317896737730918,17.332160025277144,9.090304229175672e-05,overdamped
80,0.9744749795015824,0.9138285517692566,3.3040434517685737,3.2488365173339844,0.06064642773232576,6.2234976790625005,0.05520693443458935,1.6708900848455375,5.1975173846585676e-05,underdamped
81,0.06798542746731315,0.06902182847261429,2.321596569001384,2.3204782009124756,0.0010364010053011408,1.524445817156087,0.0011183680889081948,0.04817236999059022,1.0689393093343824e-05,underdamped
82,1.2978073970913964,1.3366260528564453,0.3015585639314602,0.30555787682533264,0.03881865576504895,2.991095277469373,0.003999312893872453,1.3262143318806354,1.3778932270724908e-06,overdamped
83,1.5263310598428572,1.4128739833831787,1.510166770700494,1.3979530334472656,0.11345707645967851,7.433320296276971,0.11221373725322836,7.430552666787774,1.9785427866736427e-05,overdamped
84,1.9379288421094838,1.6371238231658936,1.5222129713482055,1.2937408685684204,0.30080501894359024,15.521984729643451,0.22847210277978514,15.00920745521109,4.5633234549313784e-05,overdamped
85,0.15717126772079326,0.1547822505235672,1.366595381462142,1.3527330160140991,0.002389017197226062,1.5200088615878757,0.01386236544804298,1.014372332592798,4.733958121505566e-05,underdamped
86,1.0,0.9839564561843872,1.9409226259895769,1.8860421180725098,0.016043543815612793,1.6043543815612793,0.05488050791706711,2.8275474345138494,1.007299761113245e-05,critically_damped
87,1.6114473227062311,1.3761552572250366,2.6578554275974517,2.3043105602264404,0.23529206548119452,14.601288057375026,0.3535448673710113,13.301884809084424,0.00010760437726275995,overdamped
88,1.6210052971911835,1.499700903892517,0.4303806452051123,0.41500696539878845,0.12130439329866638,7.483281733184835,0.01537367980632387,3.572112263319143,2.6089255698025227e-06,overdamped
89,1.5364340483009906,1.4080772399902344,1.8159560907216088,1.6805534362792969,0.12835680831075624,8.354202281099857,0.13540265444231192,7.456273592414164,3.83639671781566e-05,overdamped
90,1.457111677105754,1.0426383018493652,3.5759690487144855,2.1217122077941895,0.4144733752563887,28.44485990803759,1.454256840920296,40.66748959818549,2.5595665647415444e-05,overdamped
91,1.832321704644814,1.1510212421417236,3.9978025147514877,2.204423666000366,0.6813004625030903,37.18236054160352,1.7933788487511215,44.859115529937625,1.937110209837556e-05,overdamped
92,0.5811044305208749,0.5780545473098755,2.773521295819543,2.824467658996582,0.0030498832109994156,0.5248425327381591,0.05094636317703882,1.8368837929540673,1.669722951191943e-05,underdamped
93,1.6203293055821812,1.1258023977279663,3.150236938019631,1.935537338256836,0.49452690785421494,30.520148351975422,1.214699599762795,38.5589917095698,3.0248993425630033e-05,overdamped
94,1.6708786097558426,1.5458835363388062,1.1787521168518462,1.0766828060150146,0.12499507341703642,7.480799184765513,0.10206931083683157,8.659098836609797,2.0731893528136425e-05,overdamped
95,0.5445409920010392,0.5636048316955566,3.8943713848603587,3.0346598625183105,0.019063839694517415,3.5009007539474704,0.8597115223420482,22.075745669358522,5.440160020953044e-05,underdamped
96,0.6148255764687347,0.6052941679954529,1.3088599158089733,1.3356884717941284,0.009531408473281822,1.5502621943650576,0.0268285559851551,2.0497652698434914,7.44031149224611e-06,underdamped
97,1.6446810006269432,1.4197481870651245,2.796007140837225,2.4477272033691406,0.2249328135618187,13.676379399778776,0.3482799374680843,12.456332188185927,4.421496487339027e-05,overdamped
98,1.0806460229498187,1.0423129796981812,1.6863777742560622,1.6359835863113403,0.038333043251637555,3.547234009800969,0.050394187944721835,2.9883095421459167,9.701697308628354e-06,overdamped
99,0.8211341427148153,0.7996159195899963,3.4169609195656783,3.448305368423462,0.02151822312481899,2.620549068106695,0.03134444885778365,0.9173195010309853,3.888269930030219e-05,underdamped
100,0.49563136029664395,0.5096680521965027,1.3461426427879608,1.3618202209472656,0.014036691899858733,2.8320830811548183,0.015677578159304817,1.1646297844658866,1.662258364376612e-05,underdamped
101,0.2969177344223742,0.30319729447364807,2.277636528618355,2.2869951725006104,0.006279560051273891,2.1149157908974994,0.009358643882255269,0.41089277260285023,4.363128755358048e-05,underdamped
102,1.6957262257463035,1.4840177297592163,1.9154689909672746,1.7077555656433105,0.2117084959870872,12.484827607941988,0.20771342532396408,10.843998326439774,2.088794281007722e-05,overdamped
103,1.9690151152972177,1.6235915422439575,2.515493971220608,2.0888631343841553,0.3454235730532602,17.54296197980783,0.42663083683645286,16.960121618953284,4.5891618356108665e-05,overdamped
104,0.48896643667411654,0.4946281909942627,3.1202519500925505,3.2484264373779297,0.005661754320146151,1.1579024439093686,0.12817448728537917,4.107824923611612,2.740758645813912e-05,underdamped
105,1.7919293592159602,1.6030389070510864,1.2150612683642568,1.0963549613952637,0.18889045216487377,10.541177373617048,0.11870630696899309,9.769573770448483,1.2023502677038778e-05,overdamped
106,1.5335199412999212,1.3381693363189697,2.879107344352047,2.5869288444519043,0.19535060498095147,12.738706535198904,0.2921784999001429,10.148232245432261,6.783601565985009e-05,overdamped
107,0.7021460547408847,0.7074830532073975,0.4538867878785813,0.4367547035217285,0.00533699846651281,0.7600980494695425,0.01713208435685276,3.7745281013634058,6.25755137662054e-06,underdamped
108,0.5141166925235315,0.5264140963554382,2.059915573858421,2.07985258102417,0.012297403831906695,2.391947978103013,0.019937007165748977,0.9678555480021463,1.4828024177404586e-05,underdamped
109,1.2664281918967617,1.2453885078430176,1.430128764604672,1.375756025314331,0.021039684053744123,1.6613404682844632,0.05437273929034103,3.8019471138580436,2.5398816433153115e-05,overdamped
110,0.17905019600749264,0.18587173521518707,1.7783163132180457,1.7840180397033691,0.0068215392076944326,3.80984738347283,0.005701726485323411,0.3206249890946314,6.921387102920562e-05,underdamped
111,0.6082848756337619,0.6031370759010315,1.8991304784478498,1.9068715572357178,0.005147799732730385,0.8462810664767849,0.007741078787868005,0.4076117399892793,1.3143362593837082e-05,underdamped
112,1.0,0.9679213166236877,0.6523033016886777,0.6146569848060608,0.032078683376312256,3.2078683376312256,0.03764631688261688,5.771290254879654,6.5770150285970885e-06,critically_damped
113,0.840043095395457,0.8100675344467163,3.955142191693458,2.8379807472229004,0.029975560948740654,3.5683360904989545,1.1171614444705575,28.245797251406195,0.00010110495350090787,underdamped
114,1.2036274568477003,1.1564009189605713,1.6388247836279715,1.6064680814743042,0.04722653788712905,3.9236839952800118,0.03235670215366726,1.974384478250149,1.5814965081517585e-05,overdamped
115,0.21359849055683358,0.21890053153038025,1.7067410827127243,1.717393398284912,0.005302040973546668,2.4822464614448756,0.01065231557218782,0.6241319014397217,1.885175697680097e-05,underdamped
116,1.4975684502744675,1.0904268026351929,3.412248004881289,2.4756131172180176,0.40714164763927463,27.186847289995697,0.9366348876632715,27.449203174077514,4.984825864084996e-05,overdamped
117,0.4976958456053058,0.5103355050086975,2.336967517122856,2.4460229873657227,0.012639659403391734,2.5396353043733315,0.10905547024286655,4.666537700837603,2.8523840228444897e-05,underdamped
118,0.7983003023981238,0.7824697494506836,0.47231578097566074,0.464038223028183,0.01583055294744018,1.9830323125125484,0.008277557947477754,1.7525474017359397,2.140251353921485e-06,underdamped
119,0.28812079084349845,0.3023277521133423,2.987184233472539,2.9597911834716797,0.014206961269843832,4.930904579378575,0.027393050000859454,0.9170191009282211,7.29078019503504e-05,underdamped
120,1.8687690623503646,1.5704894065856934,2.334297217071714,1.9806840419769287,0.2982796557646712,15.961290336726929,0.35361317509478507,15.148592583183525,4.922333391732536e-05,overdamped
121,0.07441340325756854,0.07905107736587524,3.6332872368288966,3.629615306854248,0.004637674108306705,6.232310182420007,0.0036719299746486023,0.10106357508506353,8.317392348544672e-05,underdamped
122,0.02730157289034967,0.027771122753620148,1.911102627237753,1.9076601266860962,0.00046954986327047907,1.7198637791174722,0.0034425005516567353,0.18013164246613048,3.430901779211126e-05,underdamped
123,0.7818482312480955,0.7640500068664551,3.036955103128697,3.098302125930786,0.01779822438164047,2.2764295767771263,0.061347022802089146,2.020017442434,2.4129038138198666e-05,underdamped
124,0.5615785425660439,0.5661147832870483,3.7965659033027355,3.849888563156128,0.0045362407210044475,0.8077660339864157,0.05332265985339246,1.4044971485153368,2.9218734198366292e-05,underdamped
125,0.3049240879282146,0.31736862659454346,1.1957749289873938,1.2054966688156128,0.01244453866632883,4.081192388204677,0.009721739828219,0.813007497694534,2.9537472073570825e-05,underdamped
126,1.1466207099150885,0.8777333498001099,3.4655732762095686,2.641613245010376,0.2688873601149786,23.45041893887393,0.8239600311991926,23.77557666593013,5.902084376430139e-05,overdamped
127,1.0,0.9651779532432556,2.552681132834315,2.5277292728424072,0.034822046756744385,3.4822046756744385,0.024951859991907632,0.9774765704560548,1.9040353436139412e-05,critically_damped
128,0.7186886214902853,0.7121782898902893,3.191153745786036,3.2658214569091797,0.006510331599996033,0.9058626233007689,0.07466771112314374,2.339834338027227,2.5655674107838422e-05,underdamped
129,1.6234158463631803,1.3908525705337524,2.88502777723032,2.5305607318878174,0.23256327582942782,14.32555166628577,0.35446704534250273,12.286434402472118,6.388051406247541e-05,overdamped
130,1.6310826062162813,1.462868332862854,2.589474696730553,2.325873613357544,0.1682142733534273,10.313044398385433,0.2636010833730089,10.179712653915068,4.372563125798479e-05,overdamped
131,0.7467188562243302,0.7438209056854248,3.123462280214397,3.225247383117676,0.0028979505389054028,0.38809124943736484,0.1017851029032788,3.258726815689037,2.248278724437114e-05,underdamped
132,0.6901188572887096,0.7019606828689575,2.4413609975287205,2.4709246158599854,0.011841825580247933,1.715911028249723,0.029563618331264863,1.2109482522736612,4.774344233737793e-06,underdamped
133,0.6326019710425854,0.6256390810012817,2.323720290031989,2.3329217433929443,0.006962890041303682,1.1006747307202045,0.009201453360955458,0.3959793870383939,5.567918833548902e-06,underdamped
134,0.8157630821669652,0.8098825216293335,2.3566989701077934,2.3426811695098877,0.005880560537631752,0.720866225278402,0.014017800597905694,0.5948065822451873,1.694013008091133e-05,underdamped
135,0.23097435825632842,0.23415809869766235,2.593038573135725,2.5942344665527344,0.003183740441333932,1.3783956216476256,0.0011958934170093194,0.046119384007586986,2.7613974452833645e-05,underdamped
136,1.2071573346273,1.1553094387054443,0.7673045196423417,0.7478596568107605,0.05184789592185557,4.295040458654314,0.0194448628315812,2.534178065397673,2.075336396956118e-06,overdamped
137,1.0,0.8440859317779541,3.8448473306711946,2.769878625869751,0.1559140682220459,15.59140682220459,1.0749687048014436,27.958683722658666,6.462744204327464e-05,critically_damped
138,1.1303713299926488,1.0979901552200317,1.032253488624461,1.0075358152389526,0.03238117477261704,2.8646493336687535,0.024717673385508343,2.3945352239444704,7.3592100306996144e-06,overdamped
139,0.8801410413746875,0.8713274598121643,2.0300589647543688,2.0365192890167236,0.00881358156252321,1.0013828634507629,0.006460324262354877,0.3182333308794584,1.2173974937468302e-05,underdamped
140,0.8399173420203979,0.8405163884162903,1.000494841758818,1.0230768918991089,0.0005990463958923664,0.07132206538936045,0.02258205014029091,2.257088112577656,8.992354196379893e-06,underdamped
141,1.7781518300858046,1.2069402933120728,3.563986927149973,2.4014134407043457,0.5712115367737318,32.123889934987616,1.1625734864456274,32.62002667824898,0.0001142200781032443,overdamped
142,1.843997415392573,1.5853071212768555,1.9363050024002815,1.687407374382019,0.2586902941157174,14.02877747855434,0.24889762801826243,12.854257346323234,4.565902054309845e-05,overdamped
143,0.6538674086504478,0.655606210231781,0.3899280612107166,0.41069695353507996,0.0017388015813332158,0.2659257149583311,0.020768892324363353,5.326339494489439,7.927495971671306e-06,underdamped
144,1.5504854509917223,1.5144797563552856,0.7496709721526602,0.7009289264678955,0.03600569463643666,2.3222207350224844,0.0487420456847647,6.501791785375286,6.75258661431144e-06,overdamped
145,0.7804897810847279,0.7536421418190002,3.040359686572468,2.969451665878296,0.02684763926572764,3.4398450711826976,0.0709080206941719,2.3322247366761286,5.4234813433140516e-05,underdamped
146,0.5868198368415615,0.5927543640136719,1.3763782561229918,1.4081480503082275,0.005934527172110404,1.01130309500984,0.031769794185235734,2.308216803331774,5.004611921322066e-06,underdamped
147,1.0,0.844482421875,3.2668679986395444,2.2428345680236816,0.155517578125,15.5517578125,1.0240334306158627,31.34603023575827,8.13269434729591e-05,critically_damped
148,1.080004071981453,1.027437448501587,1.545612691744449,1.4614700078964233,0.05256662347986607,4.867261600544113,0.0841426838480257,5.443969520789741,1.5820623957552016e-05,overdamped
149,1.7311314318489863,1.4244407415390015,2.709713832009349,2.278696060180664,0.30669069030998486,17.716199051530985,0.4310177718286847,15.906394495874487,9.930269879987463e-05,overdamped
150,0.5658611889894793,0.5667853355407715,0.7992639055364363,0.7931630611419678,0.0009241465512921376,0.16331682915778123,0.006100844394468563,0.7633078826916251,2.1861284039914608e-05,underdamped
151,1.0446379661596326,1.0151739120483398,2.091360655866937,2.076622247695923,0.029464054111292715,2.820503855475445,0.014738408171014239,0.7047281935647149,1.7893738913699053e-05,overdamped
152,1.4793093691507062,1.316103458404541,2.6804245337164367,2.438852310180664,0.1632059107461652,11.0325746696152,0.24157222353577268,9.012461291004163,5.094860171084292e-05,overdamped
153,0.46790664413009153,0.47961729764938354,2.3990134454495906,2.4538612365722656,0.011710653519292014,2.5027756425779915,0.054847791122675016,2.2862644320193124,3.9494738302892074e-05,underdamped
154,0.49979543346446326,0.49271726608276367,1.493735653228667,1.485594391822815,0.007078167381699585,1.4162128958712987,0.00814126140585203,0.5450269188028635,2.126347681041807e-05,underdamped
155,1.8289061988112598,1.6147204637527466,0.3921700294052106,0.37364470958709717,0.21418573505851324,11.711138340376792,0.01852531981811345,4.723797952181634,2.3689467525400687e-06,overdamped
156,1.3182586569656773,1.2133973836898804,2.0953138578257082,1.9761576652526855,0.10486127327579697,7.9545294636762005,0.11915619257302268,5.686794468904539,2.9217468181741424e-05,overdamped
157,1.0,0.9843078255653381,1.4737141537500977,1.481846570968628,0.015692174434661865,1.5692174434661865,0.008132417218530197,0.5518313845216171,1.0764664693851955e-05,critically_damped
158,1.3216233772738772,1.2865381240844727,1.1186288129629272,1.0982320308685303,0.035085253189404586,2.654708882478699,0.02039678209439688,1.8233735675350298,3.0037740543775726e-06,overdamped
159,1.1513422512796192,0.8112860918045044,3.2537210652504576,2.2462618350982666,0.3400561594751148,29.535627577045076,1.007459230152191,30.96329433127486,9.124203643295914e-05,overdamped
160,1.6927453479716168,1.580003023147583,0.6781623029255079,0.6587390303611755,0.11274232482403379,6.660324009109267,0.019423272564332406,2.8641038407093435,5.2478781071840785e-06,overdamped
161,1.2921846073273695,1.215734601020813,1.9191744918938223,1.8054711818695068,0.07645000630655652,5.916337795160582,0.11370331002431544,5.92459468925695,3.1955332815414295e-05,overdamped
162,1.2487047599216292,1.1416184902191162,2.4770924587033987,2.320028305053711,0.107086269702513,8.575787739387964,0.15706415364968773,6.340665771188084,4.926804831484333e-05,overdamped
163,0.3088657080675412,0.31030914187431335,2.248376735796317,2.2577590942382812,0.001443433806772143,0.46733378587191693,0.009382358441964112,0.41729476615675454,1.054068525263574e-05,underdamped
164,1.0,0.9273395538330078,3.084232385273745,2.9781241416931152,0.07266044616699219,7.266044616699219,0.10610824358062976,3.4403452893907662,5.30749857716728e-05,critically_damped
165,0.22501136360922006,0.22978197038173676,2.539607699081915,2.5533742904663086,0.0047706067725167,2.12016259801077,0.0137665913843934,0.5420755099053335,3.319106326671317e-05,underdamped
166,1.0350821765079325,1.0087906122207642,1.1960754658688395,1.1812551021575928,0.02629156428716839,2.540046083671203,0.014820363711246731,1.239082661099573,6.9668208197981585e-06,overdamped
167,0.6040868071490065,0.5879455208778381,1.2237422024083209,1.2466803789138794,0.016141286271168398,2.6720143661715365,0.022938176505558516,1.8744288184567186,1.6240372133324854e-05,underdamped
168,0.7991001141132542,0.7918108701705933,1.8022549450771326,1.8468027114868164,0.00728924394266095,0.912181566980463,0.04454776640968383,2.471779396769933,3.7403729038487654e-06,underdamped
169,0.23266519619459783,0.2734472155570984,3.774400340036284,3.69661545753479,0.04078201936250056,17.528199330849237,0.07778488250149396,2.0608540561107036,0.0004584432754199952,underdamped
170,1.355889831331147,1.2898859977722168,0.6535025487757045,0.6476934552192688,0.06600383355893014,4.867934844981526,0.005809093556435663,0.8889167406184766,2.511109869374195e-06,overdamped
171,1.2699982069465874,0.937495231628418,3.661715794481582,2.6025092601776123,0.3325029753181694,26.181373603478917,1.0592065343039696,28.926508602886532,8.016473293537274e-05,overdamped
172,0.15462889428296747,0.15713365375995636,3.016207240845755,3.0072684288024902,0.002504759476988888,1.6198521554485372,0.008938812043264743,0.2963593456780599,2.8997510526096448e-05,underdamped
173,0.6438821755295084,0.6497573852539062,1.7462143540128598,1.7783203125,0.005875209724397812,0.9124665890255812,0.03210595848714015,1.8386035147036541,6.313035555649549e-06,underdamped
174,1.7700266820876682,1.6702148914337158,0.5239790890819592,0.49746158719062805,0.0998117906539524,5.638999211934411,0.026517501891331174,5.060793921717625,7.027393280623073e-07,overdamped
175,0.6983700135865879,0.6920398473739624,0.9100321170146219,0.9140710234642029,0.006330166212625499,0.9064201053129335,0.004038906449580937,0.443820209646078,7.606585313624237e-06,underdamped
176,1.819688372921225,1.5443111658096313,2.1044117381899126,1.8682035207748413,0.27537720711159364,15.133206938587984,0.23620821741507125,11.224429760035612,4.2265433876309544e-05,overdamped
177,1.1035318870312003,0.9444266557693481,3.359721769341907,2.5175256729125977,0.15910523126185216,14.417819107147716,0.8421960964293094,25.0674357655002,2.7858157409355044e-05,overdamped
178,1.5894659650577565,1.436842441558838,0.4717681550788716,0.4140951335430145,0.1526235234989186,9.602188839153452,0.05767302153585707,12.224865310422475,1.9185695236956235e-06,overdamped
179,1.9336945486568613,1.6736981868743896,1.3683213266150605,1.2329024076461792,0.25999636178247165,13.445575567406154,0.13541891896888125,9.89671916492592,3.2752592233009636e-05,overdamped
180,0.6746886760810379,0.6856881976127625,2.958589041463746,3.074080228805542,0.010999521531724565,1.6303106783436507,0.11549118734179586,3.903590046580353,1.3704882803722285e-05,underdamped
181,1.0,0.9977810978889465,0.6719915087476298,0.6621132493019104,0.002218902111053467,0.22189021110534668,0.009878259445719406,1.469997658769412,8.308591077366145e-07,critically_damped
182,0.2670714461467273,0.2681402564048767,3.0732251423775,3.1157352924346924,0.0010688102581494219,0.40019637949697723,0.0425101500571925,1.383242297188351,5.9973413044644985e-06,underdamped
183,1.0,0.980419397354126,1.7288638576657154,1.7199013233184814,0.019580602645874023,1.9580602645874023,0.00896253434723393,0.5184060218214639,7.284600087587023e-06,critically_damped
184,1.60739588033459,1.5257033109664917,0.49311418157038633,0.4798344373703003,0.08169256936809832,5.082293065918115,0.013279744200086041,2.693036358799288,2.4296011815749807e-06,overdamped
185,0.18416896500997954,0.18578097224235535,2.4632580565127524,2.473799228668213,0.0016120072323758117,0.8752871214150887,0.010541172155460465,0.4279361688309531,2.591351221781224e-05,underdamped
186,0.7017994092763566,0.5937453508377075,3.420954052141573,2.5242156982421875,0.10805405843864913,15.396715501665417,0.8967383538993854,26.213107227734106,2.7315685656503774e-05,underdamped
187,0.6742677380602377,0.6722813844680786,1.5155257556650232,1.5334676504135132,0.0019863535921590403,0.2945941916001302,0.01794189474848995,1.1838726383516276,8.138368684740271e-06,underdamped
188,1.921452837328368,1.635687232017517,1.7740157545306878,1.5165481567382812,0.2857656053108508,14.872371559646808,0.2574675977924066,14.513264447334015,5.8864836319116876e-05,overdamped
189,1.027217540722452,0.9687005281448364,2.8479953372602886,2.74147891998291,0.058517012577615546,5.696652389372164,0.10651641727737848,3.7400488646812544,3.699292574310675e-05,overdamped
190,0.26303966429600717,0.37359392642974854,3.9559489332797244,3.4503324031829834,0.11055426213374137,42.02950244390939,0.505616530096741,12.781169287682232,0.0005663466872647405,underdamped
191,1.6174245623551478,1.407136082649231,2.3583048185134756,2.114210367202759,0.2102884797059168,13.00143973328275,0.24409445131071683,10.350419903080144,6.677950295852497e-05,overdamped
192,1.0,0.960082471370697,0.371408327878269,0.3909803330898285,0.03991752862930298,3.991752862930298,0.019572005211559496,5.269673225521836,2.3608477022207808e-06,critically_damped
193,0.16699825798056053,0.17012950778007507,2.2033381254085675,2.194247245788574,0.0031312497995145405,1.8750194387530883,0.00909087961999333,0.4125957570995872,3.967425800510682e-05,underdamped
194,1.2260447021358343,0.9061075448989868,3.8255215681963324,2.775622844696045,0.31993715723684746,26.095064615466313,1.0498987235002875,27.444590359355804,0.00011954613000852987,overdamped
195,1.0,0.9535604119300842,2.1080821907862966,2.0763661861419678,0.04643958806991577,4.643958806991577,0.03171600464432878,1.504495639826025,2.9356868253671564e-05,critically_damped
196,0.15011205423942964,0.1555625945329666,2.644367288881744,2.652672290802002,0.005450540293536976,3.630981083533326,0.008305001920257737,0.3140638577392846,5.257403972791508e-05,underdamped
197,1.2254661263289621,0.9913284778594971,3.8990230020621772,3.0393283367156982,0.23413764846946505,19.106007374586014,0.859694665346479,22.048976497235078,9.644441888667643e-05,overdamped
198,0.042497408488176305,0.04654589295387268,1.410340570812581,1.4171967506408691,0.004048484465696375,9.526426692165831,0.006856179828288234,0.4861364673312902,4.005790106020868e-05,underdamped
199,1.3819268107789098,1.2909362316131592,2.313685175738697,2.215441942214966,0.0909905791657506,6.584326930777516,0.0982432335237311,4.246179841315908,2.216909888375085e-05,overdamped
200,0.5677538692563427,0.5645233988761902,2.1240710923715604,2.1689798831939697,0.0032304703801525614,0.5689913455603406,0.044908790822409284,2.1142790833930083,1.0556704182818066e-05,underdamped
201,0.5035812382337491,0.46421459317207336,3.497380607482641,2.4278221130371094,0.039366645061675754,7.817337516335904,1.0695584944455314,30.58170140696762,2.7735195544664748e-05,underdamped
202,1.9592607273725795,1.6817065477371216,0.5095010193758595,0.4540746212005615,0.2775541796354579,14.166270765181183,0.05542639817529793,10.878564726562367,2.7886956104339333e-06,overdamped
203,0.1993722080697284,0.20358210802078247,3.140930593421024,3.1586906909942627,0.004209899951054058,2.1115781340906294,0.01776009757323882,0.565440624840263,1.92613952094689e-05,underdamped
204,0.3406288250682304,0.2672576308250427,0.4233190827959672,0.3731990456581116,0.07337119424318767,21.53992523342406,0.05012003713785562,11.839777410179416,6.5241451920883264e-06,underdamped
205,1.1730718959806656,1.1320279836654663,1.382662838136156,1.3885226249694824,0.04104391231519933,3.4988403060229656,0.00585978683332633,0.4238044642340561,9.791029697225895e-06,overdamped
206,0.42410741924594997,0.4197773337364197,2.2913728000079145,2.310371160507202,0.00433008550953029,1.020987917926324,0.018998360499287603,0.8291256882870383,1.950814839801751e-05,underdamped
207,0.7848284475580507,0.7897949814796448,1.4226028046666113,1.454473853111267,0.004966533921594074,0.6328177752790642,0.031871048444655825,2.2403335871480192,8.440483725280501e-06,underdamped
208,1.0,0.9909573793411255,0.6503718101178502,0.632507860660553,0.009042620658874512,0.9042620658874512,0.01786394945729719,2.746728744909803,1.8590702666188008e-06,critically_damped
209,0.32379963929838973,0.3312150239944458,2.9837894334764603,3.00360107421875,0.007415384696056071,2.2901151811421885,0.019811640742289693,0.6639758328792938,5.3103249229025096e-05,underdamped
210,1.9150768654366659,1.6246775388717651,1.118108375671611,0.9463956952095032,0.29039932656490075,15.16384703956441,0.17171268046210786,15.357427258244593,1.7990587366512045e-05,overdamped
211,1.5215310528651713,1.3258025646209717,2.380648589094777,2.0603621006011963,0.19572848824419964,12.863916768285891,0.32028648849358055,13.45374911529328,6.847019540145993e-05,overdamped
212,1.9842348270417114,1.7858935594558716,0.39840420111514985,0.36991509795188904,0.1983412675858398,9.995856583242524,0.02848910316326081,7.150803903050878,2.7776582101068925e-06,overdamped
213,0.1433021954362912,0.15255911648273468,3.9132688532906363,3.894855260848999,0.00925692104644349,6.459720326168275,0.018413592441637316,0.47054248332959475,7.435845327563584e-05,underdamped
214,0.7499904102358385,0.7446849942207336,0.8920126531576629,0.9036234021186829,0.0053054160151048135,0.7073978470520039,0.01161074896101999,1.3016350070729092,1.1303480278002098e-05,underdamped
215,1.6465612605304332,1.4519429206848145,2.5484593364920887,2.2990469932556152,0.19461833984561872,11.819684120524201,0.24941234323647343,9.786789204954918,3.230025322409347e-05,overdamped
216,0.11660045060243736,0.1285800337791443,3.911095230893696,3.8989624977111816,0.011979583176706929,10.274045353008708,0.01213273318251451,0.31021318751530746,0.00015749096928630024,underdamped
217,0.9179273738287987,0.7464962601661682,3.6204544304201,2.781694173812866,0.17143111366263053,18.675890767650632,0.8387602566072339,23.167264572086,0.00010108515562023968,underdamped
218,0.3427151510560434,0.4411587119102478,3.9212982580321887,3.2183420658111572,0.09844356085420441,28.724601334624445,0.7029561922210315,17.926618838062918,0.00015893779345788062,underdamped
219,1.7602205090202283,1.271246314048767,3.313337254741794,2.191756010055542,0.4889741949714612,27.77914428707761,1.121581244686252,33.85050052122316,8.49520347401267e-06,overdamped
220,1.8447523582385892,1.5579924583435059,2.2193280041373757,1.905861258506775,0.2867598998950833,15.544628449147943,0.31346674563060084,14.124399144525793,5.647193029290065e-05,overdamped
221,0.4888628088666498,0.4960673153400421,2.724093577670932,2.797067642211914,0.007204506473392325,1.473727668115073,0.07297406454098221,2.67883839010311,1.0190881766902748e-05,underdamped
222,1.9547555337230378,1.5810894966125488,2.730812236176339,2.204580545425415,0.37366603711048896,19.115742642191304,0.5262316907509241,19.270152805809506,7.970845035742968e-05,overdamped
223,1.7956761388280518,1.1186200380325317,3.8554098691249052,1.9903714656829834,0.67705610079552,37.70480022290661,1.8650384034419218,48.374581866836515,1.137551043939311e-05,overdamped
224,1.3654874347130495,1.0251128673553467,3.840489473729388,2.5004351139068604,0.3403745673577028,24.926964445427565,1.3400543598225276,34.89280126892887,2.6713301849667914e-05,overdamped
225,0.36457154007851733,0.369070440530777,1.5909874881324906,1.5940006971359253,0.0044989004522596465,1.2340240412871295,0.0030132090034347137,0.18939237586158733,4.771180556417676e-06,underdamped
226,1.0,0.973581075668335,0.3511744564948013,0.35601693391799927,0.02641892433166504,2.641892433166504,0.004842477423197988,1.3789378280904878,2.285052005390753e-06,critically_damped
227,1.683398636593757,1.1251931190490723,3.529936776022921,2.285727024078369,0.5582055175446847,33.159437426786546,1.244209751944552,35.24736647964465,0.00010833477426785976,overdamped
228,0.8067157613724871,0.7904587984085083,1.112298252650463,1.1243665218353271,0.016256962963978827,2.015203339565403,0.012068269184864144,1.084984998952126,5.901123586227186e-06,underdamped
229,1.3344732621772908,1.2925574779510498,1.5629576613020784,1.4998749494552612,0.04191578422624098,3.140998430935387,0.06308271184681713,4.036111368126492,1.007992250379175e-05,overdamped
230,0.8294948797146935,0.798100471496582,3.0925916777536044,3.105156898498535,0.03139440821811146,3.7847621469236348,0.012565220744930716,0.40630067122400837,2.9633520171046257e-05,underdamped
231,0.25418798773401774,0.27410653233528137,3.9155926042528995,3.8624749183654785,0.019918544601263632,7.836147088943635,0.05311768588742094,1.356568245371785,6.0954753280384466e-05,underdamped
232,0.19765312505411126,0.3099406063556671,3.897162371718333,3.4271559715270996,0.11228748130155586,56.81037487811794,0.4700064001912332,12.060221139413251,0.0028305649757385254,underdamped
233,1.6271430140497896,1.1923948526382446,3.0803655623789776,2.0871095657348633,0.43474816141154493,26.718497246870882,0.9932559966441143,32.24474422045607,1.194935612147674e-05,overdamped
234,1.5731976925250242,1.4808310270309448,0.33229074222363797,0.2980620563030243,0.09236666549407935,5.871268813382785,0.03422868592061368,10.300824420072805,4.716052615094668e-07,overdamped
235,0.8006708930903794,0.6681773066520691,3.7431867419727443,2.8258464336395264,0.13249358643831033,16.547821031300373,0.9173403083332179,24.506934106358763,4.5803142711520195e-05,underdamped
236,1.5431692087876927,1.3479351997375488,2.31800394498707,2.078770875930786,0.19523400905014388,12.651497187629793,0.23923306905628383,10.320649780327198,4.930827344651334e-05,overdamped
237,0.14173633390294238,0.14365383982658386,2.5633674391768535,2.5679397583007812,0.0019175059236414826,1.3528682948400124,0.004572319123927748,0.17837158473839426,3.0940413125790656e-05,underdamped
238,0.3662795762165774,0.38292768597602844,1.1796565641082561,1.2138234376907349,0.016648109759451024,4.5451919354649375,0.03416687358247872,2.8963407335682194,1.724494904919993e-05,underdamped
239,0.8362260412266531,0.8118956089019775,2.642996580750247,2.6577134132385254,0.024330432324675577,2.909552097777948,0.014716832488278264,0.5568237429993462,2.524396768421866e-05,underdamped
240,1.0300244016279965,0.7664161920547485,3.714500994034247,2.6817355155944824,0.26360820957324793,25.59242374807861,1.0327654784397646,27.80361292400943,8.865838753990829e-05,overdamped
241,1.127715244756713,1.0780552625656128,0.6027801505005785,0.5733314752578735,0.04965998219110013,4.403592344964132,0.029448675242705002,4.885475279544186,4.016177626908757e-06,overdamped
242,1.5810811529538857,1.3969800472259521,2.40252538401316,2.1587915420532227,0.1841011057279336,11.644001029547605,0.24373384195993752,10.144901842943543,6.127367669250816e-05,overdamped
243,1.1198326572548132,1.0941540002822876,0.9824596995835906,0.9999815225601196,0.025678656972525582,2.2930798460079655,0.017521822976529045,1.7834648061345986,7.609286967635853e-06,overdamped
244,0.13621178081248791,0.1458842009305954,3.578789699036625,3.570005178451538,0.009672420118107483,7.101015830211299,0.008784520585086941,0.24546065356820623,0.00010231101623503491,underdamped
245,1.8324255816009307,1.4679421186447144,3.098127787903771,2.5239109992980957,0.36448346295621636,19.890764821007302,0.5742167886056753,18.534315816398166,8.015945059014484e-05,overdamped
246,1.0,0.9681769609451294,0.482002606188445,0.49666494131088257,0.031823039054870605,3.1823039054870605,0.014662335122437586,3.0419617931910437,2.430761242067092e-06,critically_damped
247,0.06125073949912678,0.12685146927833557,3.067409666565471,2.9850757122039795,0.06560072977920879,107.10193920212836,0.08233395436149138,2.684152536223809,0.002980842487886548,underdamped
248,0.7172378578571444,0.7343541383743286,2.9558781371277787,3.0200400352478027,0.017116280517184168,2.3864162118159267,0.06416189812002404,2.1706543755680685,1.3759500689047854e-05,underdamped
249,0.10854834001390938,0.11682616919279099,3.83769384717035,3.832448720932007,0.008277829178881604,7.625938063926988,0.005245126238343278,0.1366739100934451,8.497278759023175e-05,underdamped
250,1.6012771017014482,1.017366886138916,3.540850060478052,2.178513526916504,0.5839102155625322,36.46528230136397,1.3623365335615483,38.47484390168214,0.00011064997670473531,overdamped
251,0.6291162994062989,0.6396371722221375,2.812045405743629,2.932464838027954,0.010520872815838578,1.6723255820533012,0.12041943228432528,4.282271973218052,2.2771106159780174e-05,underdamped
252,0.8384223519671686,0.7676886916160583,0.3477278342959205,0.34182849526405334,0.07073366035111028,8.436518919748469,0.005899339031867179,1.6965392039472948,2.7796772883448284e-06,underdamped
253,0.7609127634679053,0.7580255270004272,2.5700361991468137,2.5601677894592285,0.002887236467478016,0.37944382143351935,0.009868409687585178,0.3839794042924857,6.437729098252021e-06,underdamped
254,1.0,0.9478697180747986,1.8761309024295396,1.8294874429702759,0.052130281925201416,5.213028192520142,0.046643459459263736,2.486151653856439,1.3705576748179737e-05,critically_damped
255,0.32914967114779864,0.3514825403690338,3.1474051628506996,3.1074142456054688,0.022332869221235174,6.785019454328121,0.03999091724523085,1.27059959477889,4.045678360853344e-05,underdamped
256,1.0,0.9762154221534729,2.412679396253082,2.41528582572937,0.0237845778465271,2.37845778465271,0.0026064294762879747,0.1080304942436939,1.9621480532805435e-05,critically_damped
257,0.07791373856190677,0.09114452451467514,0.9775869622292845,0.9740853905677795,0.013230785952768373,16.981326011273072,0.0035015716615049985,0.3581851842131805,4.4475462345872074e-05,underdamped
258,1.0,0.986312747001648,0.8296479042065175,0.8540451526641846,0.01368725299835205,1.368725299835205,0.02439724845766711,2.9406749940507413,5.796553978143493e-06,critically_damped
259,1.0,0.9674988985061646,2.4468296670123655,2.4122941493988037,0.03250110149383545,3.250110149383545,0.03453551761356177,1.4114393853876401,2.6435986001160927e-05,critically_damped
260,0.025963295658587134,0.027693502604961395,1.5961812254242655,1.5997906923294067,0.0017302069463742617,6.66404977675479,0.00360946690514119,0.22613139709006363,5.605373007711023e-05,underdamped
261,1.0,0.7889115214347839,3.786313038563942,2.4341189861297607,0.21108847856521606,21.108847856521606,1.3521940524341813,35.712685101891,0.00011564066517166793,critically_damped
262,1.9224848137642403,1.5384807586669922,2.4287715411827446,1.9648916721343994,0.3840040550972481,19.97436090771324,0.4638798690483452,19.099362010082206,5.905138095840812e-05,overdamped
263,0.04504001326920953,0.047289054840803146,3.198341276496311,3.182629346847534,0.002249041571593613,4.993430082160107,0.015711929648776657,0.49125244276585195,4.579077722155489e-05,underdamped
264,1.071092054319551,0.8236333727836609,3.535294145492643,2.0464577674865723,0.24745868153589012,23.10339998676369,1.488836378006071,42.11350786480602,0.00012830768537241966,overdamped
265,0.6882584596199053,0.6896697878837585,0.3030766283172564,0.29657575488090515,0.001411328263853262,0.20505788837418376,0.006500873436351251,2.1449603265172352,3.110568513875478e-06,underdamped
266,0.7272085762295208,0.7167239189147949,2.2654399993826884,2.301119565963745,0.01048465731472592,1.4417675557523628,0.035679566581056754,1.57495085240744,3.1575577850162517e-06,underdamped
267,0.11795348509729471,0.12912341952323914,3.496446848756325,3.4913718700408936,0.011169934425944425,9.4697790546255,0.0050749787154313886,0.14514674282083087,0.0001443064393242821,underdamped
268,0.5309556419684931,0.546203076839447,2.902808936368782,3.007200002670288,0.015247434870953924,2.8716965534869874,0.10439106630150619,3.5962086582278596,2.532488178985659e-05,underdamped
269,0.34397732880922666,0.35217028856277466,2.271099128116801,2.29349422454834,0.008192959753548001,2.3818313206600603,0.022395096431538697,0.9860906621944214,2.2560869183507748e-05,underdamped
270,1.0,0.9798075556755066,0.5612584875749445,0.5690600872039795,0.020192444324493408,2.019244432449341,0.007801599629035039,1.3900190022504195,4.102868842892349e-06,critically_damped
271,1.1235443093302286,0.8720818161964417,3.5917013135338696,2.5729241371154785,0.251462493133787,22.381181680648602,1.018777176418391,28.364752174117108,7.870078115956858e-05,overdamped
272,1.9760301407047278,1.2108653783798218,3.8742973099855256,2.1699275970458984,0.765164762324906,38.7223224263178,1.7043697129396271,43.99171195630298,4.282467853045091e-05,overdamped
273,1.0,1.0142207145690918,0.306563243710807,0.31733807921409607,0.014220714569091797,1.4220714569091797,0.01077483550328906,3.5147186508286623,2.756035428319592e-06,critically_damped
274,0.5242139802646357,0.5398663282394409,1.5596459245795686,1.612120270729065,0.015652347974805192,2.9858700004344625,0.05247434614949631,3.364503784000958,3.890723019139841e-05,underdamped
275,0.2849673479147404,0.2875029146671295,1.5992730117510598,1.6065245866775513,0.00253556675238914,0.8897744850219677,0.007251574926491422,0.45342945658487666,2.5070443371078e-05,underdamped
276,1.4502835197050956,1.3845864534378052,0.7287057916149369,0.7321615815162659,0.06569706626729044,4.529946412178044,0.0034557899013289983,0.47423664544649435,6.993306669755839e-06,overdamped
277,1.0,0.9587764739990234,1.936185097750377,1.9078370332717896,0.04122352600097656,4.122352600097656,0.028348064478587398,1.4641195468100943,9.881666301225778e-06,critically_damped
278,0.032756312534816485,0.03846428543329239,0.8759042605523146,0.8785892724990845,0.0057079728984759034,17.425566117703063,0.002685011946769844,0.30654171553826776,5.2558658353518695e-05,underdamped
279,1.5256001984125094,1.423270344734192,2.0930399431060134,1.995086431503296,0.10232985367831748,6.7075144447935084,0.09795351160271748,4.679963797411204,1.1691472536767833e-05,overdamped
280,0.2042238042160269,0.20493584871292114,2.118094919420984,2.111816644668579,0.000712044496894243,0.3486589135030733,0.006278274752404833,0.29641139756480334,1.1770121091103647e-05,underdamped
281,1.426781252517783,1.3326061964035034,1.760108129697132,1.6105449199676514,0.09417505611427957,6.6005251995071195,0.14956320972948056,8.497387586932879,3.561050834832713e-05,overdamped
282,0.22545103196018446,0.2549208104610443,2.817995314984632,2.7794246673583984,0.029469778500859856,13.071476428666044,0.03857064762623352,1.3687264638494927,0.0006175397429615259,underdamped
283,1.1831578491989456,1.1561428308486938,0.5368763530906036,0.5441111326217651,0.027015018350251774,2.2832979021812037,0.007234779531161584,1.3475690425762965,6.8926219682907686e-06,overdamped
284,0.09450059779623483,0.0969933494925499,0.8124395719414208,0.8126180171966553,0.0024927516963150625,2.637815796350847,0.00017844525523447174,0.02196412648980842,6.203193333931267e-05,underdamped
285,0.4399984147978359,0.45177561044692993,1.3528612026816247,1.3732000589370728,0.011777195649094019,2.676645018029266,0.020338856255448068,1.5033956340186738,6.889549240440829e-06,underdamped
286,1.0829468538398321,1.0615386962890625,1.1520199836925664,1.1313469409942627,0.021408157550769635,1.9768428593575194,0.020673042698303723,1.794503827272204,2.9051593628537375e-06,overdamped
287,1.0,0.984733521938324,0.9388524127875646,0.9405681490898132,0.015266478061676025,1.5266478061676025,0.0017157363022486383,0.18274824443965723,4.423150130605791e-06,critically_damped
288,0.9130377763804716,0.7281183004379272,3.350791127008642,2.3128578662872314,0.18491947594254432,20.253211939993886,1.0379332607214105,30.975767255537846,6.322689296212047e-05,underdamped
289,1.0,0.8176339864730835,3.8102861945198114,2.5007524490356445,0.1823660135269165,18.23660135269165,1.309533745484167,34.36838280986922,0.00014188837667461485,critically_damped
290,1.5348190971599165,1.087069034576416,3.9499268901325952,2.406039237976074,0.4477500625835005,29.172823260541453,1.543887652156521,39.086486790764226,8.555945896659978e-06,overdamped
291,1.755249074088597,1.581936001777649,1.2756364577823354,1.159725546836853,0.17331307231094817,9.873987394121828,0.11591091094548234,9.08651600840813,1.7455749912187457e-05,overdamped
292,1.0,0.9788031578063965,1.902822541746709,1.8741474151611328,0.021196842193603516,2.1196842193603516,0.02867512658557625,1.5069784993851145,1.3313298950379249e-05,critically_damped
293,0.5469602438528511,0.5813852548599243,3.884085962382271,3.066906213760376,0.03442501100707318,6.293878100642091,0.817179748621895,21.039177725116176,6.414934614440426e-05,underdamped
294,1.1331818456058609,0.8936641812324524,3.9267443980121883,2.204435110092163,0.2395176643734085,21.136736817853738,1.7223092879200252,43.86099815388797,6.527847290271893e-05,overdamped
295,1.0710765065956578,1.0257941484451294,2.2450260658842103,2.210653066635132,0.04528235815052839,4.227742637587601,0.03437299924907844,1.5310735038410581,2.541649155318737e-05,overdamped
296,1.0,0.9759441018104553,1.013925827116557,0.9674539566040039,0.024055898189544678,2.4055898189544678,0.04647187051255308,4.583359972663055,1.3947569641459268e-06,critically_damped
297,1.9439755560745908,1.5893481969833374,2.7982856450042553,2.279761791229248,0.3546273590912534,18.24237748170771,0.5185238537750072,18.53005445318713,7.475099118892103e-05,overdamped
298,0.29017975736611157,0.29517877101898193,2.2199216769094745,2.2524895668029785,0.0049990136528703655,1.7227299720163636,0.03256788989350401,1.4670738266245635,3.9766757254255936e-05,underdamped
299,1.0,0.9961368441581726,2.8074266181461707,2.8235464096069336,0.0038631558418273926,0.38631558418273926,0.016119791460762922,0.5741838934122279,2.1265823306748644e-05,critically_damped
300,0.8897982690943043,0.8970775604248047,0.6881657476200649,0.6679322719573975,0.007279291330500426,0.8180833322939335,0.02023347566266742,2.940203829185391,4.956353222951293e-06,underdamped
301,0.44197276330692903,0.4419051706790924,2.656339860080925,2.740159034729004,6.759262783662123e-05,0.01529339213821223,0.08381917464807875,3.155438651043892,1.2743961633532308e-05,underdamped
302,1.0,0.9521550536155701,2.568532095917958,2.5441396236419678,0.04784494638442993,4.784494638442993,0.024392472275990063,0.949665854468232,2.4955978005891666e-05,critically_damped
303,1.0,0.9767999053001404,1.5491150001462264,1.5274156332015991,0.02320009469985962,2.320009469985962,0.021699366944627263,1.4007589457579963,6.496642527054064e-06,critically_damped
304,1.426299336454094,1.2544361352920532,2.816414440803789,2.5131375789642334,0.17186320116204068,12.049588523914466,0.3032768618395556,10.7681901301785,6.963552732486278e-05,overdamped
305,0.052363282379726636,0.05469442903995514,2.010401981570594,2.0133421421051025,0.002331146660228503,4.451872675443752,0.002940160534508518,0.14624739536973422,4.715730756288394e-05,underdamped
306,1.0,0.9902296662330627,1.514254978764847,1.5144025087356567,0.009770333766937256,0.9770333766937256,0.00014752997080980101,0.009742742991021156,5.872564997844165e-06,critically_damped
